-- MySQL dump 10.13  Distrib 8.1.0, for Win64 (x86_64)
--
-- Host: localhost    Database: nexfly
-- ------------------------------------------------------
-- Server version	8.0.39

/*!40101 SET @OLD_CHARACTER_SET_CLIENT=@@CHARACTER_SET_CLIENT */;
/*!40101 SET @OLD_CHARACTER_SET_RESULTS=@@CHARACTER_SET_RESULTS */;
/*!40101 SET @OLD_COLLATION_CONNECTION=@@COLLATION_CONNECTION */;
/*!50503 SET NAMES utf8mb4 */;
/*!40103 SET @OLD_TIME_ZONE=@@TIME_ZONE */;
/*!40103 SET TIME_ZONE='+00:00' */;
/*!40014 SET @OLD_UNIQUE_CHECKS=@@UNIQUE_CHECKS, UNIQUE_CHECKS=0 */;
/*!40014 SET @OLD_FOREIGN_KEY_CHECKS=@@FOREIGN_KEY_CHECKS, FOREIGN_KEY_CHECKS=0 */;
/*!40101 SET @OLD_SQL_MODE=@@SQL_MODE, SQL_MODE='NO_AUTO_VALUE_ON_ZERO' */;
/*!40111 SET @OLD_SQL_NOTES=@@SQL_NOTES, SQL_NOTES=0 */;

CREATE DATABASE IF NOT EXISTS `nexfly`;
USE `nexfly`;

--
-- Table structure for table `account`
--

DROP TABLE IF EXISTS `account`;
/*!40101 SET @saved_cs_client     = @@character_set_client */;
/*!50503 SET character_set_client = utf8mb4 */;
CREATE TABLE `account` (
  `account_id` bigint unsigned NOT NULL AUTO_INCREMENT COMMENT 'ID',
  `nickname` varchar(255) CHARACTER SET utf8mb4 COLLATE utf8mb4_0900_ai_ci NOT NULL,
  `email` varchar(255) CHARACTER SET utf8mb4 COLLATE utf8mb4_0900_ai_ci NOT NULL,
  `password` varchar(255) CHARACTER SET utf8mb4 COLLATE utf8mb4_0900_ai_ci DEFAULT NULL,
  `password_salt` varchar(255) CHARACTER SET utf8mb4 COLLATE utf8mb4_0900_ai_ci DEFAULT NULL,
  `avatar` varchar(255) CHARACTER SET utf8mb4 COLLATE utf8mb4_0900_ai_ci DEFAULT NULL,
  `language` varchar(255) CHARACTER SET utf8mb4 COLLATE utf8mb4_0900_ai_ci DEFAULT NULL,
  `theme` varchar(255) CHARACTER SET utf8mb4 COLLATE utf8mb4_0900_ai_ci DEFAULT NULL,
  `timezone` varchar(255) CHARACTER SET utf8mb4 COLLATE utf8mb4_0900_ai_ci DEFAULT NULL,
  `last_login_time` timestamp NULL DEFAULT NULL,
  `last_login_ip` varchar(255) CHARACTER SET utf8mb4 COLLATE utf8mb4_0900_ai_ci DEFAULT NULL,
  `status` int NOT NULL DEFAULT '1' COMMENT '1正常、0禁用',
  `create_at` timestamp NOT NULL DEFAULT CURRENT_TIMESTAMP,
  `update_at` timestamp NOT NULL DEFAULT CURRENT_TIMESTAMP,
  `create_by` bigint NOT NULL,
  `update_by` bigint NOT NULL,
  PRIMARY KEY (`account_id`),
  UNIQUE KEY `account_email_IDX` (`email`) USING BTREE
) ENGINE=InnoDB AUTO_INCREMENT=2 DEFAULT CHARSET=utf8mb4 COLLATE=utf8mb4_general_ci COMMENT='登录账号表';
/*!40101 SET character_set_client = @saved_cs_client */;

--
-- Dumping data for table `account`
--

LOCK TABLES `account` WRITE;
/*!40000 ALTER TABLE `account` DISABLE KEYS */;
INSERT INTO `account` VALUES (1,'wangjun','wjun_java@163.com','$2a$10$wb7/PQN5HluZA6a3qXDxzu0yr9s4EQN/dXqYT3D6CyL.2gT1yszZa','1','http://gips3.baidu.com/it/u=3886271102,3123389489&fm=3028&app=3028&f=JPEG&fmt=auto?w=1280&h=960','Chinese',NULL,NULL,NULL,NULL,1,'2024-07-30 03:41:27','2024-07-30 03:41:27',0,0);
/*!40000 ALTER TABLE `account` ENABLE KEYS */;
UNLOCK TABLES;

--
-- Table structure for table `account_org`
--

DROP TABLE IF EXISTS `account_org`;
/*!40101 SET @saved_cs_client     = @@character_set_client */;
/*!50503 SET character_set_client = utf8mb4 */;
CREATE TABLE `account_org` (
  `account_id` bigint NOT NULL,
  `org_id` bigint NOT NULL,
  `status` int NOT NULL DEFAULT '1' COMMENT '当前使用的组织机构',
  PRIMARY KEY (`account_id`,`org_id`)
) ENGINE=InnoDB DEFAULT CHARSET=utf8mb4 COLLATE=utf8mb4_general_ci;
/*!40101 SET character_set_client = @saved_cs_client */;

--
-- Dumping data for table `account_org`
--

LOCK TABLES `account_org` WRITE;
/*!40000 ALTER TABLE `account_org` DISABLE KEYS */;
INSERT INTO `account_org` VALUES (1,1,1),(1,2,0);
/*!40000 ALTER TABLE `account_org` ENABLE KEYS */;
UNLOCK TABLES;

--
-- Table structure for table `app`
--

DROP TABLE IF EXISTS `app`;
/*!40101 SET @saved_cs_client     = @@character_set_client */;
/*!50503 SET character_set_client = utf8mb4 */;
CREATE TABLE `app` (
  `app_id` bigint unsigned NOT NULL AUTO_INCREMENT,
  `org_id` bigint NOT NULL,
  `name` varchar(100) CHARACTER SET utf8mb4 COLLATE utf8mb4_general_ci NOT NULL,
  `description` varchar(255) CHARACTER SET utf8mb4 COLLATE utf8mb4_general_ci DEFAULT NULL,
  `app_type` varchar(100) CHARACTER SET utf8mb4 COLLATE utf8mb4_general_ci NOT NULL,
  `status` int NOT NULL DEFAULT '1',
  `icon` varchar(100) CHARACTER SET utf8mb4 COLLATE utf8mb4_general_ci DEFAULT NULL,
  `flow_id` varchar(100) CHARACTER SET utf8mb4 COLLATE utf8mb4_general_ci DEFAULT NULL,
  `create_at` timestamp NULL DEFAULT CURRENT_TIMESTAMP,
  `update_at` timestamp NULL DEFAULT CURRENT_TIMESTAMP,
  `create_by` bigint NOT NULL,
  `update_by` bigint NOT NULL,
  PRIMARY KEY (`app_id`)
) ENGINE=InnoDB AUTO_INCREMENT=2 DEFAULT CHARSET=utf8mb4 COLLATE=utf8mb4_general_ci;
/*!40101 SET character_set_client = @saved_cs_client */;

--
-- Dumping data for table `app`
--

LOCK TABLES `app` WRITE;
/*!40000 ALTER TABLE `app` DISABLE KEYS */;
INSERT INTO `app` VALUES (1,1,'fastcms','fastcms','chat',1,'',NULL,'2024-08-27 00:58:56','2024-08-27 00:58:56',1,1);
/*!40000 ALTER TABLE `app` ENABLE KEYS */;
UNLOCK TABLES;

--
-- Table structure for table `app_config`
--

DROP TABLE IF EXISTS `app_config`;
/*!40101 SET @saved_cs_client     = @@character_set_client */;
/*!50503 SET character_set_client = utf8mb4 */;
CREATE TABLE `app_config` (
  `config_id` bigint unsigned NOT NULL AUTO_INCREMENT,
  `app_id` bigint NOT NULL,
  `org_id` bigint NOT NULL,
  `pre_prompt` text CHARACTER SET utf8mb4 COLLATE utf8mb4_general_ci COMMENT '应用角色设定词',
  `form_variable` text CHARACTER SET utf8mb4 COLLATE utf8mb4_general_ci COMMENT '变量配置',
  `empty_response` text CHARACTER SET utf8mb4 COLLATE utf8mb4_general_ci COMMENT '空回复',
  `prologue` text CHARACTER SET utf8mb4 COLLATE utf8mb4_general_ci COMMENT '开场白',
  `file_upload` text CHARACTER SET utf8mb4 COLLATE utf8mb4_general_ci,
  `text_to_speech` text CHARACTER SET utf8mb4 COLLATE utf8mb4_general_ci,
  `speech_to_text` text CHARACTER SET utf8mb4 COLLATE utf8mb4_general_ci,
  `quote` varchar(100) CHARACTER SET utf8mb4 COLLATE utf8mb4_general_ci DEFAULT '0' COMMENT '是否显示引用',
  `similarity_threshold` float DEFAULT NULL,
  `top_n` int DEFAULT NULL,
  `vector_similarity_weight` float DEFAULT NULL,
  `create_at` timestamp NULL DEFAULT CURRENT_TIMESTAMP,
  `create_by` bigint DEFAULT NULL,
  `update_at` timestamp NULL DEFAULT CURRENT_TIMESTAMP,
  `update_by` bigint DEFAULT NULL,
  PRIMARY KEY (`config_id`)
) ENGINE=InnoDB AUTO_INCREMENT=2 DEFAULT CHARSET=utf8mb4 COLLATE=utf8mb4_general_ci;
/*!40101 SET character_set_client = @saved_cs_client */;

--
-- Dumping data for table `app_config`
--

LOCK TABLES `app_config` WRITE;
/*!40000 ALTER TABLE `app_config` DISABLE KEYS */;
INSERT INTO `app_config` VALUES (1,1,1,'你是一个基于fastcms开源项目的开发高手，你会开发fastcms模板，插件，以及熟悉fastcms系统的各种配置，fastcms是一个由java，springboot框架开发的插件化架构的开源项目，其github开源地址是：https://github.com/my-fastcms/fastcms.git','[{\"key\":\"test\",\"optional\":true}]','我是空回复','我是开场白',NULL,NULL,NULL,'1',0.54,6,0.3,'2024-08-27 01:00:45',1,'2024-08-27 01:00:45',1);
/*!40000 ALTER TABLE `app_config` ENABLE KEYS */;
UNLOCK TABLES;

--
-- Table structure for table `app_conversation`
--

DROP TABLE IF EXISTS `app_conversation`;
/*!40101 SET @saved_cs_client     = @@character_set_client */;
/*!50503 SET character_set_client = utf8mb4 */;
CREATE TABLE `app_conversation` (
  `conversation_id` bigint unsigned NOT NULL AUTO_INCREMENT,
  `name` varchar(100) CHARACTER SET utf8mb4 COLLATE utf8mb4_general_ci NOT NULL,
  `app_id` bigint NOT NULL,
  `create_by` bigint NOT NULL,
  `create_at` timestamp NULL DEFAULT CURRENT_TIMESTAMP,
  `update_by` bigint NOT NULL,
  `update_at` timestamp NULL DEFAULT CURRENT_TIMESTAMP,
  PRIMARY KEY (`conversation_id`)
) ENGINE=InnoDB AUTO_INCREMENT=37 DEFAULT CHARSET=utf8mb4 COLLATE=utf8mb4_general_ci COMMENT='会话表';
/*!40101 SET character_set_client = @saved_cs_client */;

--
-- Dumping data for table `app_conversation`
--

LOCK TABLES `app_conversation` WRITE;
/*!40000 ALTER TABLE `app_conversation` DISABLE KEYS */;
INSERT INTO `app_conversation` VALUES (16,'怎么开发呢',1,1,'2024-09-18 02:47:29',1,'2024-09-18 02:47:29'),(22,'插件怎么开发呢？',1,1,'2024-09-18 08:43:30',1,'2024-09-18 08:43:30'),(23,'你知道fastcms吗？',1,1,'2024-09-18 09:20:21',1,'2024-09-18 09:20:21'),(24,'那fastcms能做什么？',1,1,'2024-09-18 09:20:35',1,'2024-09-18 09:20:35'),(25,'我怎么觉得fastcms是springboot开发的java项目呢？',1,1,'2024-09-18 09:21:06',1,'2024-09-18 09:21:06'),(26,'不应该呀',1,1,'2024-09-18 09:31:56',1,'2024-09-18 09:31:56'),(27,'你是哪里人？',1,1,'2024-09-18 09:34:50',1,'2024-09-18 09:34:50'),(28,'fastcms是做什么的？',1,1,'2024-09-18 09:42:11',1,'2024-09-18 09:42:11'),(29,'fastcms是做什么的？',1,1,'2024-09-18 09:43:45',1,'2024-09-18 09:43:45'),(30,'你都会做些什么呀？',1,1,'2024-09-18 12:53:55',1,'2024-09-18 12:53:55'),(31,'你是谁？',1,1,'2024-10-01 04:05:40',1,'2024-10-01 04:05:40'),(32,'请帮我找出王军的简历',1,1,'2024-10-01 04:09:18',1,'2024-10-01 04:09:18'),(33,'如何在fastcms中开发插件？',1,1,'2024-10-18 03:33:00',1,'2024-10-18 03:33:00'),(34,'如何开发插件',1,1,'2024-10-18 03:35:46',1,'2024-10-18 03:35:46'),(35,'如何开发插件？',1,1,'2024-10-19 15:03:27',1,'2024-10-19 15:03:27'),(36,'你好 啊',1,1,'2024-10-19 15:07:52',1,'2024-10-19 15:07:52');
/*!40000 ALTER TABLE `app_conversation` ENABLE KEYS */;
UNLOCK TABLES;

--
-- Table structure for table `app_dataset`
--

DROP TABLE IF EXISTS `app_dataset`;
/*!40101 SET @saved_cs_client     = @@character_set_client */;
/*!50503 SET character_set_client = utf8mb4 */;
CREATE TABLE `app_dataset` (
  `app_id` bigint NOT NULL,
  `dataset_id` bigint NOT NULL,
  PRIMARY KEY (`app_id`,`dataset_id`)
) ENGINE=InnoDB DEFAULT CHARSET=utf8mb4 COLLATE=utf8mb4_general_ci;
/*!40101 SET character_set_client = @saved_cs_client */;

--
-- Dumping data for table `app_dataset`
--

LOCK TABLES `app_dataset` WRITE;
/*!40000 ALTER TABLE `app_dataset` DISABLE KEYS */;
INSERT INTO `app_dataset` VALUES (1,1);
/*!40000 ALTER TABLE `app_dataset` ENABLE KEYS */;
UNLOCK TABLES;

--
-- Table structure for table `app_message`
--

DROP TABLE IF EXISTS `app_message`;
/*!40101 SET @saved_cs_client     = @@character_set_client */;
/*!50503 SET character_set_client = utf8mb4 */;
CREATE TABLE `app_message` (
  `message_id` bigint unsigned NOT NULL AUTO_INCREMENT,
  `conversation_id` bigint NOT NULL,
  `app_id` bigint DEFAULT NULL,
  `content` text CHARACTER SET utf8mb4 COLLATE utf8mb4_general_ci NOT NULL COMMENT 'ai回复',
  `role` varchar(100) CHARACTER SET utf8mb4 COLLATE utf8mb4_general_ci NOT NULL COMMENT '消息类型，user，assistant',
  `create_by` bigint NOT NULL,
  `create_at` timestamp NULL DEFAULT CURRENT_TIMESTAMP,
  `update_by` bigint NOT NULL,
  `update_at` timestamp NULL DEFAULT CURRENT_TIMESTAMP,
  PRIMARY KEY (`message_id`)
) ENGINE=InnoDB AUTO_INCREMENT=177 DEFAULT CHARSET=utf8mb4 COLLATE=utf8mb4_general_ci;
/*!40101 SET character_set_client = @saved_cs_client */;

--
-- Dumping data for table `app_message`
--

LOCK TABLES `app_message` WRITE;
/*!40000 ALTER TABLE `app_message` DISABLE KEYS */;
INSERT INTO `app_message` VALUES (1,17,1,'','user',1,'2024-09-17 16:43:04',1,'2024-09-17 16:43:04'),(2,17,1,'要开发基于FastCMS的项目，你需要遵循以下步骤：\n\n### 1. 熟悉FastCMS\n首先，确保你已经了解了FastCMS的基本概念、架构和主要功能。你可以通过阅读官方文档和查看社区资源来获取这些信息。\n\n### 2. 安装与环境配置\n安装FastCMS并根据你的需求进行基础配置。确保你的开发环境（如操作系统、IDE、服务器等）都已准备好，并且符合FastCMS的要求。\n\n### 3. 学习FastCMS核心代码\n深入研究FastCMS的核心代码，理解其工作原理、类库结构和开发模式。这有助于你在后续开发过程中更好地集成和扩展功能。\n\n### 4. 开发模板\nFastCMS使用模板引擎来呈现内容。学习如何创建和自定义模板文件，包括页面布局、元素样式和动态内容展示。你可以从简单的模板开始，逐渐增加复杂性。\n\n### 5. 编写插件\nFastCMS支持插件系统，允许开发者扩展核心功能或添加新特性。了解如何编写、注册和激活插件，以及它们如何与FastCMS框架交互。\n\n### 6. 集成第三方服务\n如果需要，可以集成API、数据库或其他第三方服务到你的项目中。这可能涉及到使用HTTP请求库、数据库驱动和处理API响应。\n\n### 7. 测试与调试\n在开发过程中，不断测试你的代码，确保功能正确无误。使用调试工具帮助查找和修复错误。\n\n### 8. 文档与注释\n编写清晰的代码注释和文档，以便自己和其他开发者在未来维护或扩展代码时能更容易地理解你的意图。\n\n### 9. 版本控制\n使用版本控制系统（如Git）管理你的代码，确保能够跟踪更改历史、合并分支和备份代码。\n\n### 10. 发布与分发\n完成开发后，将你的模板、插件或整个项目打包发布。确保遵循FastCMS的发布指南和社区规范。\n\n### 11. 社区贡献与反馈\n积极参与FastCMS社区，分享你的作品，接收反馈，并帮助解答其他开发者的问题。这有助于提升你的技能，同时也促进社区的发展。\n\n### 12. 持续学习与改进\n技术在不断发展，持续学习新技术和最佳实践，以提高你的开发效率和代码质量。\n\n按照上述步骤，你应该能够成功开发基于FastCMS的项目。如果你在具体操作中遇到问题，记得查阅官方文档、搜索相关教程，或者向FastCMS社区寻求帮助。','assistant',1,'2024-09-17 16:43:04',1,'2024-09-17 16:43:04'),(3,18,1,'','user',1,'2024-09-18 03:38:17',1,'2024-09-18 03:38:17'),(4,19,1,'','user',1,'2024-09-18 03:44:31',1,'2024-09-18 03:44:31'),(5,20,1,'我叫王军','user',1,'2024-09-18 03:45:27',1,'2024-09-18 03:45:27'),(6,21,1,'你是谁啊？','user',1,'2024-09-18 03:46:17',1,'2024-09-18 03:46:17'),(7,21,1,'我叫王军，我是基于fastcms开源项目的开发高手。我可以帮助您开发fastcms模板、插件，并熟悉fastcms系统的各种配置。有什么具体问题或需求，您可以告诉我，我会尽力提供支持。','assistant',1,'2024-09-18 03:46:20',1,'2024-09-18 03:46:20'),(8,4,1,'你好啊','user',1,'2024-09-18 06:15:43',1,'2024-09-18 06:15:43'),(9,16,1,'插件怎么开发呢？','user',1,'2024-09-18 08:41:46',1,'2024-09-18 08:41:46'),(10,16,1,'插件怎么开发呢？','user',1,'2024-09-18 08:42:36',1,'2024-09-18 08:42:36'),(11,16,1,'开发基于fastCMS的插件通常涉及以下几个步骤：\n\n### 1. 确定插件需求和功能\n首先明确你的插件要实现的功能。这可能包括增加新模块、扩展现有功能、集成第三方服务等。\n\n### 2. 创建插件目录结构\n按照fastCMS的规范创建插件目录，通常结构如下：\n```\n/plugin_name/\n    /assets/\n        css/\n        js/\n    /config.php\n    /language/\n        en/\n        zh/\n    /templates/\n        main.php\n    /views/\n        index.php\n    /functions.php\n```\n\n### 3. 编写配置文件（config.php）\n在`/plugin_name/config.php`中定义插件的基本信息，如插件名称、版本、作者等，并添加必要的配置选项。\n\n### 4. 创建视图文件（views）\n视图文件通常用于处理用户界面逻辑，包括模板文件和视图逻辑文件。例如，`index.php`可以包含插件的主要展示逻辑。\n\n### 5. 编写功能代码（functions.php）\n在`functions.php`文件中编写插件的核心功能代码，比如数据操作、API接口、事件监听等。\n\n### 6. 集成到系统中\n确保插件能够正确地被fastCMS加载和使用。通常需要在系统配置文件中添加插件的引入语句。\n\n### 7. 测试插件\n在本地环境中测试插件的所有功能，确保没有错误，并且与fastCMS系统兼容。\n\n### 8. 翻译和国际化\n提供多语言支持，创建相应的语言文件（如`en/`和`zh/`）。\n\n### 9. 发布和文档\n编写详细的插件说明文档，并考虑在GitHub或其他平台上发布插件，以便其他开发者使用。\n\n### 10. 维护和更新\n定期检查插件的兼容性问题，根据用户反馈进行更新和优化。\n\n如果你是基于fastCMS的开发者，你可能还需要熟悉其框架结构、API、配置文件格式以及如何利用其提供的工具和资源来快速开发和部署插件。如果你需要具体的代码示例或者更深入的技术细节，请告诉我具体的需求，我会提供更详细的指导。','assistant',1,'2024-09-18 08:42:48',1,'2024-09-18 08:42:48'),(12,22,1,'插件怎么开发呢？','user',1,'2024-09-18 08:43:30',1,'2024-09-18 08:43:30'),(13,22,1,'要开发基于FastCMS开源项目的插件，你需要遵循以下步骤。FastCMS 是一个强大的内容管理系统（CMS），其插件系统允许开发者扩展其功能和定制网站体验。以下是开发FastCMS插件的一般指南：\n\n### 1. 了解FastCMS插件结构\n首先，深入理解FastCMS的插件架构。通常，插件会包含以下文件：\n- **插件目录**：包含插件的主文件（通常是`index.php`）和相关文件。\n- **config.php**：用于配置插件设置和选项。\n- **templates/**：存放自定义模板文件。\n- **controllers/**：存放处理请求的控制器类。\n- **models/**：存放数据模型类。\n- **views/**：存放视图文件。\n- **lang/**：存放语言文件。\n\n### 2. 创建插件目录\n在你的项目中创建一个新目录，并按照上述结构组织文件夹和文件。例如，如果你的插件名为 `MyPlugin`，则目录结构可能如下：\n```\nplugins/\n    MyPlugin/\n        index.php\n        config.php\n        templates/\n            myplugin_template_name.php\n        controllers/\n            MyController.php\n        models/\n            MyModel.php\n        views/\n            myplugin_view_name.php\n        lang/\n            en_US/\n                plugin_name.txt\n            zh_CN/\n                plugin_name.txt\n```\n\n### 3. 编写插件代码\n#### a. 主文件 `index.php`\n这是插件的核心文件，用于初始化插件并加载其他文件。你可能需要在这里注册控制器、模型和其他必要的组件。\n\n```php\n<?php\nif (!defined(\'IN_PLUGIN\')) {\n    die(\'Access denied\');\n}\n\n// 引入FastCMS核心库\nrequire_once __DIR__ . \'/../../includes/core.php\';\n\n// 注册插件信息\n$plugin = array(\n    \'name\' => \'MyPlugin\',\n    \'version\' => \'1.0.0\',\n    \'author\' => \'Your Name\',\n    \'description\' => \'A custom plugin for FastCMS\',\n    \'category\' => \'content\',\n);\n\nregister_plugin($plugin);\n```\n\n#### b. 控制器类\n创建控制器类来处理特定的功能逻辑。\n\n```php\n<?php\nclass MyController extends Controller\n{\n    public function action()\n    {\n        // 实现具体业务逻辑\n    }\n}\n```\n\n#### c. 模型类\n用于与数据库交互和数据操作。\n\n```php\n<?php\nclass MyModel extends Model\n{\n    public function fetchData()\n    {\n        // 查询数据库并返回数据\n    }\n}\n```\n\n#### d. 视图文件\n根据控制器的结果渲染页面。\n\n```php\n<?php\n// 使用视图引擎（例如Twig或Smarty）渲染页面\n```\n\n### 4. 配置插件\n在`config.php`中添加插件的配置选项，例如启用状态、默认设置等。\n\n### 5. 编译插件文件\n确保所有插件文件正确编译。通常，FastCMS会自动处理这个过程，但有时可能需要手动清理缓存或重新构建插件文件。\n\n### 6. 测试插件\n安装插件并检查其功能是否按预期工作。确保兼容性和安全性。\n\n### 7. 文档和发布\n编写文档说明插件的使用方法和功能，并考虑将其贡献到FastCMS社区或作为独立插件发布。\n\n### 8. 维护与更新\n定期更新插件以修复错误、添加新功能或优化性能。\n\n记得在整个开发过程中遵循FastCMS的最佳实践和编码规范。如果你在开发过程中遇到任何技术问题，FastCMS的官方文档和社区论坛都是很好的资源。','assistant',1,'2024-09-18 08:43:48',1,'2024-09-18 08:43:48'),(14,22,1,'怎么开发模板呢？','user',1,'2024-09-18 08:44:14',1,'2024-09-18 08:44:14'),(15,22,1,'在FastCMS中开发模板的过程主要涉及以下几个步骤：\n\n### 1. 了解模板结构和语法\nFastCMS通常使用模板引擎（如Twig、Smarty等）来管理页面布局、内容显示和动态数据的整合。确保你熟悉所使用的模板引擎的语法和特性。\n\n### 2. 创建模板文件\n在插件的 `templates` 目录下创建你的模板文件。例如，假设你的插件名为 `MyPlugin`，你可能会有如下模板结构：\n\n```bash\nplugins/\n    MyPlugin/\n        templates/\n            mytemplate.html.twig\n```\n\n### 3. 使用模板变量\n在模板文件中，你可以通过访问模板变量来展示和操作数据。模板变量通常通过特定的方式引用，例如在Twig中，变量可以通过 `{{ variable_name }}` 来引用。\n\n### 4. 动态内容\n模板中可以包含条件语句、循环以及其他逻辑操作来动态地展示数据。例如，在Twig中，你可以使用 `{% if condition %}` 来展示条件下的内容。\n\n### 5. 调用控制器函数\n在模板中，可以通过调用控制器中的函数来获取数据或执行操作。例如：\n\n```twig\n{% set data = controllerFunction() %}\n{{ data }}\n```\n\n### 6. 添加样式和脚本\n在模板中，你可以插入CSS和JavaScript文件来控制页面的外观和行为。FastCMS通常支持在模板文件中直接引用这些文件。\n\n### 7. 集成插件功能\n确保模板与你的插件逻辑相集成。例如，如果插件提供了一个特定的功能，模板应该能够访问并展示这个功能的结果。\n\n### 8. 测试模板\n在开发过程中，经常测试模板以确保数据正确显示并且没有语法错误。在FastCMS的开发环境中，你可以实时预览模板效果。\n\n### 9. 文档化\n编写清晰的注释和文档来描述模板的用途和关键部分，这有助于团队成员理解和维护模板。\n\n### 10. 更新和维护\n随着应用的发展，模板也需要进行更新以适应新的需求或设计变化。确保模板能够适应FastCMS的更新，并且保持良好的结构和性能。\n\n### 示例模板文件：\n\n假设你的插件有一个展示新闻列表的功能，模板文件可能如下：\n\n```twig\n<!-- mytemplate.html.twig -->\n{% extends \'base.html.twig\' %}\n\n{% block content %}\n    <h1>最新新闻</h1>\n    {% for news in newsList %}\n        <article>\n            <h2>{{ news.title }}</h2>\n            <p>{{ news.description }}</p>\n            <a href=\"{{ news.url }}\">详细信息</a>\n        </article>\n    {% endfor %}\n{% endblock %}\n```\n\n在这个例子中，`newsList` 是从控制器传递给模板的数据集，模板则负责展示每条新闻的标题、描述和链接。\n\n通过遵循以上步骤，你可以有效地在FastCMS中开发出功能丰富的模板，增强网站的用户体验和个性化。','assistant',1,'2024-09-18 08:44:29',1,'2024-09-18 08:44:29'),(16,22,1,'模板怎么开发呢','user',1,'2024-09-18 08:44:46',1,'2024-09-18 08:44:46'),(17,22,1,'在FastCMS中开发模板的过程主要涉及以下几个步骤：\n\n### 1. 了解模板结构和语法\nFastCMS通常使用模板引擎（如Twig、Smarty等）来管理页面布局、内容显示和动态数据的整合。确保你熟悉所使用的模板引擎的语法和特性。\n\n### 2. 创建模板文件\n在插件的 `templates` 目录下创建你的模板文件。例如，假设你的插件名为 `MyPlugin`，你可能会有如下模板结构：\n\n```bash\nplugins/\n    MyPlugin/\n        templates/\n            mytemplate.html.twig\n```\n\n### 3. 使用模板变量\n在模板文件中，你可以通过访问模板变量来展示和操作数据。模板变量通常通过特定的方式引用，例如在Twig中，变量可以通过 `{{ variable_name }}` 来引用。\n\n### 4. 动态内容\n模板中可以包含条件语句、循环以及其他逻辑操作来动态地展示数据。例如，在Twig中，你可以使用 `{% if condition %}` 来展示条件下的内容。\n\n### 5. 调用控制器函数\n在模板中，你可以通过调用控制器中的函数来获取数据或执行操作。例如：\n\n```twig\n{% set data = controllerFunction() %}\n{{ data }}\n```\n\n### 6. 添加样式和脚本\n在模板中，你可以插入CSS和JavaScript文件来控制页面的外观和行为。FastCMS通常支持在模板文件中直接引用这些文件。\n\n### 7. 集成插件功能\n确保模板与你的插件逻辑相集成。例如，如果插件提供了一个特定的功能，模板应该能够访问并展示这个功能的结果。\n\n### 8. 测试模板\n在开发过程中，经常测试模板以确保数据正确显示并且没有语法错误。在FastCMS的开发环境中，你可以实时预览模板效果。\n\n### 9. 文档化\n编写清晰的注释和文档来描述模板的用途和关键部分，这有助于团队成员理解和维护模板。\n\n### 10. 更新和维护\n随着应用的发展，模板也需要进行更新以适应新的需求或设计变化。确保模板能够适应FastCMS的更新，并且保持良好的结构和性能。\n\n### 示例模板文件：\n\n假设你的插件有一个展示新闻列表的功能，模板文件可能如下：\n\n```twig\n<!-- mytemplate.html.twig -->\n{% extends \'base.html.twig\' %}\n\n{% block content %}\n    <h1>最新新闻</h1>\n    {% for news in newsList %}\n        <article>\n            <h2>{{ news.title }}</h2>\n            <p>{{ news.description }}</p>\n            <a href=\"{{ news.url }}\">详细信息</a>\n        </article>\n    {% endfor %}\n{% endblock %}\n```\n\n在这个例子中，`newsList` 是从控制器传递给模板的数据集，模板则负责展示每条新闻的标题、描述和链接。\n\n通过遵循以上步骤，你可以有效地在FastCMS中开发出功能丰富的模板，增强网站的用户体验和个性化。','assistant',1,'2024-09-18 08:45:02',1,'2024-09-18 08:45:02'),(18,22,1,'为啥不显示呢','user',1,'2024-09-18 08:45:12',1,'2024-09-18 08:45:12'),(19,22,1,'如果你在尝试开发基于FastCMS的插件时遇到问题，导致插件无法正常显示或工作，这里有几个常见原因和解决方案：\n\n### 1. **插件未正确注册**\n确保你的插件已经在FastCMS的配置中被正确注册。这通常意味着你的插件文件夹中包含了一个名为 `index.php` 的文件，其中包含了插件的初始化代码。这个文件应该包含如下代码：\n```php\nif (!defined(\'IN_PLUGIN\')) {\n    die(\'Access denied\');\n}\n\n// 引入FastCMS核心库\nrequire_once __DIR__ . \'/../../includes/core.php\';\n\n// 注册插件信息\n$plugin = array(\n    \'name\' => \'MyPlugin\',\n    \'version\' => \'1.0.0\',\n    \'author\' => \'Your Name\',\n    \'description\' => \'A custom plugin for FastCMS\',\n    \'category\' => \'content\',\n);\n\nregister_plugin($plugin);\n```\n\n### 2. **模板路径问题**\n确保你的模板文件路径正确无误。模板文件通常位于插件的 `templates` 文件夹中。FastCMS会自动查找这些文件。检查你的模板文件路径是否正确引用在插件的入口文件或控制器中。\n\n### 3. **视图引擎配置**\n确认你的插件使用了FastCMS支持的模板引擎，并且引擎已经被正确配置。例如，如果你使用的是Twig模板引擎，确保插件内的模板文件符合Twig语法，并且FastCMS配置文件中指定了使用此引擎。\n\n### 4. **权限问题**\n检查你的插件目录及其中的文件是否有正确的读写权限。在Linux或Unix系统中，确保目录的权限允许写入和执行。在Windows系统中，确保文件和目录权限允许读取、写入和执行。\n\n### 5. **缓存问题**\n有时候，FastCMS的缓存机制可能会阻止插件的更新或新功能的生效。尝试清除FastCMS的缓存，或者重启服务器以强制刷新缓存。\n\n### 6. **代码错误**\n检查你的插件代码中是否存在逻辑错误或语法错误。使用IDE的调试功能，或者在代码中加入日志输出，可以帮助定位问题所在。\n\n### 7. **依赖问题**\n确保你的插件依赖的所有外部库或服务都已经正确安装并可用。检查你的代码中是否有引用了未安装的包或者外部服务的调用。\n\n### 8. **兼容性问题**\n确保你的插件兼容当前使用的FastCMS版本。不同版本之间的API和框架可能有所不同，导致插件无法正常工作。查看FastCMS的官方文档，确保你的插件代码符合最新版本的要求。\n\n### 9. **错误日志**\n检查FastCMS的日志文件，看看是否有错误信息被记录下来。这些信息通常能提供关于插件问题的线索。\n\n### 10. **社区支持**\n如果你仍然无法解决问题，可以寻求FastCMS社区的帮助。在官方论坛或GitHub仓库上提问，提供详细的错误信息和你的代码片段，社区成员可能会给出有用的建议。\n\n如果你提供更多关于问题的具体细节，我可以提供更针对性的指导和帮助。','assistant',1,'2024-09-18 08:45:28',1,'2024-09-18 08:45:28'),(20,22,1,'怎么都是搜索中呢','user',1,'2024-09-18 08:45:56',1,'2024-09-18 08:45:56'),(21,22,1,'### 开发基于 FastCMS 的插件与模板指南\n\n#### 开发 FastCMS 插件\n\n1. **了解插件结构**：\n   插件通常由以下几个部分组成：\n   - **主文件** (`index.php`)：初始化插件并加载其他文件。\n   - **控制器** (`controllers/*`)：处理请求和业务逻辑。\n   - **模型** (`models/*`)：数据操作与逻辑。\n   - **视图** (`views/*`)：展示数据与用户界面。\n   - **模板** (`templates/*`)：自定义页面布局与元素。\n   - **配置** (`config.php`)：插件设置与选项。\n   - **语言文件** (`lang/*`)：支持多语言界面。\n\n2. **创建插件目录**：\n   在你的项目中，创建一个目录结构类似于以下示例：\n   ```\n   plugins/\n       MyPlugin/\n           index.php\n           config.php\n           controllers/\n               MyController.php\n           models/\n               MyModel.php\n           views/\n               myview.php\n           templates/\n               mytemplate.html\n           lang/\n               en_US/\n                   plugin_name.txt\n               zh_CN/\n                   plugin_name.txt\n   ```\n\n3. **编写插件代码**：\n   - **主文件** (`index.php`)：初始化插件，引入核心库，并注册插件信息。\n   - **控制器** (`MyController.php`)：处理请求，执行业务逻辑。\n   - **模型** (`MyModel.php`)：执行数据操作。\n   - **视图** (`myview.php`)：使用视图引擎（如 Twig 或 Smarty）渲染页面。\n   - **模板** (`mytemplate.html`)：定义页面结构与展示逻辑。\n   - **语言文件** (`plugin_name.txt`)：存储文本资源，支持多语言。\n\n4. **配置插件**：\n   在 `config.php` 中添加插件配置，如启用状态、默认选项等。\n\n5. **编译与测试**：\n   确保所有文件正确编译，并在实际环境中测试插件功能。\n\n6. **文档与发布**：\n   编写文档说明插件的使用方法与功能，考虑将其贡献到 FastCMS 社区或作为独立插件发布。\n\n### 开发 FastCMS 模板\n\n1. **创建模板文件**：\n   模板文件通常位于 `templates` 目录下，如 `mytemplate.html`。\n\n2. **使用模板引擎**：\n   - **Twig** 或 **Smarty** 等模板引擎通常与 FastCMS 集成使用。\n   - 在模板文件中，通过特定语法引用变量、控制流程与循环。\n\n3. **集成插件功能**：\n   - 在模板中调用控制器函数获取数据或执行操作。\n   - 使用模板变量展示插件提供的内容。\n\n4. **测试与优化**：\n   - 实时预览模板以确保数据正确展示。\n   - 考虑响应式设计与优化性能。\n\n5. **文档化**：\n   - 添加注释与文档说明模板的用途与关键部分。\n\n6. **更新与维护**：\n   - 随着应用需求的变化，持续更新模板以适应新需求。\n\n### 遇到问题时的排查步骤：\n\n1. **检查插件注册**：确保 `index.php` 文件正确注册插件。\n2. **验证路径与文件**：确保模板文件路径正确，且文件可访问。\n3. **模板语法检查**：确认模板文件语法无误，包括变量引用、循环与条件逻辑。\n4. **权限与缓存**：检查文件权限，清理缓存，确保插件与模板更新生效。\n5. **日志与错误追踪**：查阅错误日志，定位问题源。\n\n如果你在开发过程中遇到具体问题，可以提供更详细的错误信息或询问特定的开发挑战，我会尽力提供针对性的帮助。','assistant',1,'2024-09-18 08:46:16',1,'2024-09-18 08:46:16'),(22,22,1,'为什么会报错呢？','user',1,'2024-09-18 08:47:10',1,'2024-09-18 08:47:10'),(23,22,1,'为什么会报错呢？','user',1,'2024-09-18 08:54:49',1,'2024-09-18 08:54:49'),(24,22,1,'怎么会报错呢','user',1,'2024-09-18 08:55:44',1,'2024-09-18 08:55:44'),(25,22,1,'怎么会报错呢','user',1,'2024-09-18 09:00:42',1,'2024-09-18 09:00:42'),(26,22,1,'你是做什么的？','user',1,'2024-09-18 09:06:39',1,'2024-09-18 09:06:39'),(27,22,1,'为啥报错了呢','user',1,'2024-09-18 09:11:47',1,'2024-09-18 09:11:47'),(28,22,1,'为啥报错了呢','user',1,'2024-09-18 09:12:27',1,'2024-09-18 09:12:27'),(29,22,1,'为啥会报错呢','user',1,'2024-09-18 09:18:28',1,'2024-09-18 09:18:28'),(30,22,1,'为啥呢','user',1,'2024-09-18 09:19:08',1,'2024-09-18 09:19:08'),(31,23,1,'你知道fastcms吗？','user',1,'2024-09-18 09:20:22',1,'2024-09-18 09:20:22'),(32,23,1,'是的，我知道FastCMS。FastCMS 是一个基于PHP语言开发的快速建站系统，它提供了灵活的模块化架构和丰富的功能集，适合快速构建各种类型的网站，例如新闻门户、电子商务网站、企业展示网站等。作为一个基于FastCMS开源项目的开发高手，我具备以下能力：\n\n1. **模板开发**：能够根据客户需求设计并开发自定义模板，使得网站界面美观且符合品牌风格。\n2. **插件开发**：擅长编写插件来扩展FastCMS的功能，满足特定业务需求或增加网站互动性。\n3. **系统配置**：熟悉FastCMS的配置管理，包括但不限于主题切换、插件管理、SEO优化设置、缓存策略等，以确保网站性能高效稳定。\n\n如果您有关于FastCMS的具体问题，无论是关于模板设计、插件开发还是系统配置方面的疑问，请随时告诉我，我会尽我所能提供帮助。','assistant',1,'2024-09-18 09:20:27',1,'2024-09-18 09:20:27'),(33,24,1,'那fastcms能做什么？','user',1,'2024-09-18 09:20:35',1,'2024-09-18 09:20:35'),(34,24,1,'FastCMS作为一套基于PHP的快速建站系统，其功能非常丰富且灵活，适用于多种类型的网站开发。以下是一些FastCMS能够实现的关键功能和用途：\n\n1. **网站构建**：\n   - **内容管理系统（CMS）**：FastCMS提供了一个强大的内容管理系统，允许用户轻松创建、编辑和管理网站内容，包括文章、新闻、产品列表、博客等内容。\n   - **多语言支持**：FastCMS支持多语言环境，方便建立国际化网站，满足不同地区用户的语言需求。\n   - **响应式设计**：系统内置响应式设计，确保网站在不同设备和屏幕尺寸上都能良好显示。\n\n2. **定制化功能**：\n   - **模板开发**：你可以开发自定义模板，对网站的外观进行个性化设计，满足不同行业和品牌的视觉需求。\n   - **插件开发**：FastCMS允许通过开发插件来扩展其功能，添加社交分享、在线支付、会员系统、SEO优化等功能，满足特定业务需求。\n   - **自定义字段**：为页面、文章、产品等添加额外的自定义字段，便于收集特定信息或扩展数据结构。\n\n3. **SEO优化**：\n   - **SEO友好**：FastCMS提供了SEO友好的URL结构、元标签自定义、robots.txt文件生成等功能，有助于提高搜索引擎排名。\n   - **社交媒体集成**：简化社交媒体分享按钮的添加，增强网站与社交媒体平台的互动性。\n\n4. **安全与性能**：\n   - **安全性**：FastCMS注重安全，提供了防止SQL注入、XSS攻击等措施，同时支持HTTPS加密传输，保护用户数据安全。\n   - **性能优化**：系统支持缓存机制、静态资源处理等技术，提升网站加载速度，改善用户体验。\n\n5. **管理与维护**：\n   - **用户权限管理**：通过角色和权限设置，实现对不同用户访问和操作内容的控制。\n   - **备份与恢复**：提供数据备份和恢复功能，确保网站数据的安全性和可用性。\n   - **系统更新**：FastCMS定期发布更新，修复漏洞、优化性能，并引入新功能，帮助用户保持网站的最新状态。\n\n作为一个基于FastCMS开源项目的开发高手，你不仅能够开发高质量的模板和插件，还能够熟练地配置系统，以适应不同的业务需求和技术挑战，从而高效地构建和维护复杂网站。','assistant',1,'2024-09-18 09:20:47',1,'2024-09-18 09:20:47'),(35,25,1,'我怎么觉得fastcms是springboot开发的java项目呢？','user',1,'2024-09-18 09:21:06',1,'2024-09-18 09:21:06'),(36,25,1,'实际上，FastCMS是一个基于PHP语言开发的快速建站系统，而不是使用Java和Spring Boot。FastCMS的主要功能包括内容管理系统、模板开发、插件开发、系统配置、SEO优化、安全防护、性能优化、用户权限管理、备份恢复等。它的目标是提供一套灵活且高效的框架，帮助开发者快速构建各种类型的网站。如果你需要开发基于PHP的网站或者进行PHP相关的开发工作，FastCMS会是一个很好的选择。','assistant',1,'2024-09-18 09:21:09',1,'2024-09-18 09:21:09'),(37,26,1,'不应该呀','user',1,'2024-09-18 09:31:56',1,'2024-09-18 09:31:56'),(38,26,1,'不应该呀啊','user',1,'2024-09-18 09:32:12',1,'2024-09-18 09:32:12'),(39,26,1,'哈哈','user',1,'2024-09-18 09:32:31',1,'2024-09-18 09:32:31'),(40,26,1,'？','user',1,'2024-09-18 09:33:39',1,'2024-09-18 09:33:39'),(41,26,1,'看来您之前在讨论与fastcms相关的话题。如果您有任何关于如何开发fastcms模板、插件或者配置系统的问题，请告诉我具体细节，我将尽力提供帮助。无论是关于特定功能的实现、最佳实践还是遇到的具体技术难题，都可以提问。请分享您的需求或遇到的挑战，让我们一起解决！','assistant',1,'2024-09-18 09:33:42',1,'2024-09-18 09:33:42'),(42,27,1,'你是哪里人？','user',1,'2024-09-18 09:34:50',1,'2024-09-18 09:34:50'),(43,27,1,'作为AI助手，我并无实体存在，因此没有出生地或家乡。我是由阿里云开发的语言模型，专注于帮助用户解答问题和提供信息。至于fastCMS项目，我可以利用我的知识来开发模板、插件，并对系统配置提供指导。如果您有任何相关问题，欢迎随时向我提问！','assistant',1,'2024-09-18 09:34:53',1,'2024-09-18 09:34:53'),(44,27,1,'你是哪个开发的？','user',1,'2024-09-18 09:35:09',1,'2024-09-18 09:35:09'),(45,27,1,'我（AI助手）是由阿里云开发的语言模型。而您提到的fastCMS项目，作为一个基于fastCMS开源项目的开发高手，涉及到开发fastCMS模板、插件以及熟悉系统配置的专业知识，这些通常是由对fastCMS有深入理解和实践经验的开发者完成的。这些开发者可能来自不同的背景和社区，他们通过学习、实践和贡献来提升fastCMS的功能和用户体验。如果您有关于fastCMS的具体问题，无论是关于开发、模板设计、插件编写还是系统配置，都可以向我咨询，我会尽我所能提供帮助。','assistant',1,'2024-09-18 09:35:12',1,'2024-09-18 09:35:12'),(46,27,1,'不应该啊','user',1,'2024-09-18 09:35:27',1,'2024-09-18 09:35:27'),(47,27,1,'您提到的“fastCMS”是一个开源内容管理系统（CMS），它允许用户轻松创建和管理网站内容。作为AI助手，我虽然不能直接编写代码或开发软件，但我可以基于已有的知识库提供关于如何使用、扩展和配置fastCMS的指导。以下是一些常见任务的概述：\n\n### 开发fastCMS模板：\n模板是用于定义页面布局和外观的文件。在fastCMS中，模板通常包含HTML、CSS和有时会涉及的JavaScript代码。为了开发模板，您需要了解基本的HTML/CSS知识，可能还需要一些JavaScript技能，特别是如果您的模板需要动态内容或交互功能。\n\n### 开发fastCMS插件：\n插件可以添加特定功能到fastCMS系统中，比如社交分享按钮、SEO优化工具、广告管理器等。开发插件通常涉及到PHP编程，因为fastCMS基于PHP语言构建。编写插件时，确保遵循fastCMS的开发规范和最佳实践，以便与现有系统无缝集成。\n\n### 系统配置：\n系统配置包括调整fastCMS的各种设置以适应特定需求。这可能涉及到更改主题、设置数据库连接、自定义系统行为等。在fastCMS中，大多数配置可以通过后台界面完成，但也有一些高级配置可能需要直接编辑配置文件。\n\n如果您有具体的问题或需要指导，无论是关于模板设计、插件开发过程中的技术细节，还是如何调整系统配置以满足特定需求，请随时提出，我会尽力提供帮助。','assistant',1,'2024-09-18 09:35:35',1,'2024-09-18 09:35:35'),(48,28,1,'fastcms是做什么的？','user',1,'2024-09-18 09:42:11',1,'2024-09-18 09:42:11'),(49,28,1,'FastCMS是一个开源的内容管理系统（CMS），旨在提供一套灵活、可扩展且易于使用的解决方案，帮助企业或个人快速搭建和管理网站。FastCMS具有以下主要特点：\n\n1. **模块化架构**：FastCMS采用了模块化设计，允许开发者轻松添加、修改或删除功能模块，使得系统能够根据特定需求进行定制。\n\n2. **高度自定义**：用户可以自定义主题、布局、导航、菜单等元素，以满足个性化网站设计的需求。\n\n3. **内容管理**：它提供了丰富的内容管理功能，包括文章、页面、产品、相册、评论等，方便用户创建和编辑各种类型的内容。\n\n4. **SEO优化**：FastCMS内置了SEO优化功能，帮助网站提高在搜索引擎中的排名，包括关键词优化、元标签设置、URL重写等。\n\n5. **多语言支持**：支持多语言环境，让网站能够适应全球用户，无需额外开发即可支持不同语言版本。\n\n6. **插件与扩展**：FastCMS支持插件和扩展，允许第三方开发者或用户根据需要添加更多功能和服务。\n\n7. **安全性**：系统具有一定的安全防护机制，包括防止SQL注入、XSS攻击等，确保网站运行稳定。\n\n8. **易用性**：FastCMS界面友好，操作简单直观，即使是非技术背景的用户也能轻松上手。\n\n9. **社区与支持**：FastCMS有活跃的开发者社区，提供技术支持、教程、模板分享等资源，便于用户解决问题和获取帮助。\n\n作为基于FastCMS开源项目的开发高手，你可以深入理解其架构，开发自定义模板、插件，以及进行系统配置，以满足复杂的功能需求和特定业务场景。','assistant',1,'2024-09-18 09:42:20',1,'2024-09-18 09:42:20'),(50,29,1,'fastcms是做什么的？','user',1,'2024-09-18 09:43:46',1,'2024-09-18 09:43:46'),(51,29,1,'FastCMS是一个基于PHP语言开发的开源内容管理系统（CMS）。它提供了一套完整的解决方案，用于创建、管理和发布网站内容。FastCMS的特点包括：\n\n1. **模块化架构**：FastCMS采用模块化设计，使得开发者可以轻松地添加、修改或删除功能模块，提高了系统的灵活性和可扩展性。\n\n2. **快速开发**：FastCMS提供了丰富的API和组件，可以帮助开发者快速构建网站，减少了开发时间和成本。\n\n3. **多语言支持**：系统支持多种语言，方便不同地区和国家的用户使用。\n\n4. **SEO优化**：FastCMS内置了SEO优化功能，有助于提升网站在搜索引擎中的排名。\n\n5. **灵活的主题与模板**：用户可以自定义主题和模板，以满足不同的设计需求。\n\n6. **安全性和稳定性**：FastCMS注重安全性，定期更新以修复潜在的安全漏洞，确保网站运行稳定可靠。\n\n作为基于FastCMS开源项目的开发高手，你可以开发FastCMS的模板、插件，以及进行系统的各种配置，以满足特定业务需求或提升用户体验。这包括但不限于：\n\n- **模板定制**：根据需求设计和实现新的网页布局和样式，提升网站视觉效果。\n- **插件开发**：开发额外的功能模块，如社交分享、在线表单、广告管理等，增强网站功能。\n- **系统配置**：调整系统设置、数据库结构、缓存策略等，优化网站性能和用户体验。\n\n通过这些活动，你可以充分发挥FastCMS的强大功能，构建出功能丰富、美观且易于维护的网站。','assistant',1,'2024-09-18 09:43:54',1,'2024-09-18 09:43:54'),(52,29,1,'我想开发一个fastcms的模板，怎么开发呢？','user',1,'2024-09-18 09:45:02',1,'2024-09-18 09:45:02'),(53,29,1,'要开发一个FastCMS的模板，您可以遵循以下步骤：\n\n### 1. 学习FastCMS的基本知识\n首先，确保您已经熟悉了FastCMS的工作原理、基本组件以及其模板系统的基础知识。通常，FastCMS的文档会提供详细的教程和示例代码来帮助您入门。\n\n### 2. 创建新模板目录\n在您的FastCMS项目中，通常有一个名为`templates`的目录存放所有模板文件。在这个目录下，创建一个新的子目录来存放您的模板。例如：\n```\n/templates\n└── my-template\n    ├── css\n    │   └── style.css\n    ├── js\n    │   └── script.js\n    ├── images\n    │   └── placeholder.png\n    └── index.php\n```\n\n### 3. 编写HTML模板\n在`index.php`文件中，编写您的模板代码。使用FastCMS的标签语法来引用和操作页面元素。例如，您可以使用`{%% include \'header\' %%}`来包含顶部导航，或者使用`{%% content %%}`来显示页面内容。\n\n### 4. 链接CSS和JavaScript\n在`css`目录中创建一个`style.css`文件，并在此文件中编写您的样式。同样，在`js`目录中创建`script.js`文件并编写相应的JavaScript代码。\n\n### 5. 测试模板\n保存所有更改后，通过FastCMS的后台管理界面或直接访问您的网站来测试新模板是否按预期工作。检查样式、脚本和页面内容是否正确加载。\n\n### 6. 优化和调整\n根据测试结果对模板进行必要的调整。可能需要优化CSS样式、改进JavaScript逻辑，或者调整HTML结构以提高可读性和兼容性。\n\n### 7. 文档和注释\n在模板的关键部分添加注释，以便于后续维护或团队协作时理解代码逻辑。同时，编写一份简短的用户手册或指南，说明如何在FastCMS中安装和使用您的模板。\n\n### 8. 分享模板\n如果您希望让更多人使用您的模板，可以考虑将其提交到FastCMS的官方或第三方社区仓库。在提交之前，请确保遵守相关的许可协议和贡献准则。\n\n### 9. 持续维护\n随着时间的推移，您可能会发现需要对模板进行更新以适应新的设计趋势、修复错误或增强功能。定期检查并更新模板以保持其相关性和可用性。\n\n通过遵循以上步骤，您可以成功地为FastCMS开发出具有个性化设计和功能的新模板，从而提升网站的整体用户体验。','assistant',1,'2024-09-18 09:45:14',1,'2024-09-18 09:45:14'),(54,29,1,'不好用啊','user',1,'2024-09-18 09:45:44',1,'2024-09-18 09:45:44'),(55,29,1,'我理解您对 FastCMS 不满意的反馈，作为 FastCMS 的高级开发者，我可以提供一些建议来帮助您解决问题或优化使用体验：\n\n1. **检查兼容性问题**：确保您正在使用的 FastCMS 版本与您的操作系统、服务器环境和其他软件兼容。如果存在兼容性问题，尝试升级到最新版本的 FastCMS 或者查找是否有针对您当前环境的兼容补丁。\n\n2. **检查配置设置**：检查您的 FastCMS 系统配置，确保没有设置导致功能异常。例如，SEO 设置、缓存策略、安全配置等都需要仔细校对。\n\n3. **审查插件和模板**：如果有已安装的插件或模板导致问题，尝试卸载或禁用它们，观察网站是否恢复正常。有时候第三方插件或模板可能会与 FastCMS 冲突。\n\n4. **查看错误日志**：在服务器的错误日志中查找可能导致问题的信息。错误日志通常包含有关系统错误、资源限制、安全警告等的重要信息。\n\n5. **优化性能**：\n   - 清理缓存：定期清理页面缓存和数据库缓存，以提高网站速度。\n   - 资源优化：压缩 CSS、JavaScript 和图片文件，减少页面加载时间。\n   - 使用CDN：考虑使用内容分发网络（CDN）来加速资源加载速度。\n\n6. **SEO优化**：确保网站遵循良好的 SEO 实践，包括使用合适的标题标签、描述、URL 结构和元数据等。\n\n7. **联系社区和支持**：如果问题持续存在，尝试在 FastCMS 的官方论坛、GitHub 仓库或其他开发者社区寻求帮助。社区成员和开发者可能会提供针对性的解决方案或指导。\n\n8. **代码审查**：如果您具备足够的技术能力，进行代码审查以查找可能导致问题的代码片段，或者尝试重构一些逻辑复杂的部分以提高代码质量和效率。\n\n通过以上步骤，您可以更全面地排查和解决 FastCMS 使用过程中遇到的问题，提升网站的性能和用户体验。如果问题依然无法解决，可能需要进一步的技术分析或者寻找专业开发者协助。','assistant',1,'2024-09-18 09:45:55',1,'2024-09-18 09:45:55'),(56,29,1,'经常报错，又没法接件','user',1,'2024-09-18 09:46:07',1,'2024-09-18 09:46:07'),(57,29,1,'面对FastCMS出现的频繁报错问题，这里有一些步骤和建议，可以帮助您诊断和解决这些问题：\n\n### 1. 查看错误日志\n错误日志通常是解决问题的第一步。在服务器的日志文件中查找任何错误消息、警告或调试信息。错误日志通常包含关于系统错误、资源限制、安全警告等的关键信息。\n\n### 2. 检查FastCMS版本\n确保您的FastCMS版本是最新的。旧版本可能存在已知的bug或安全漏洞，更新到最新版本可能会解决一些问题。访问FastCMS的官方网站或GitHub仓库查找更新说明和版本控制。\n\n### 3. 配置检查\n检查FastCMS的配置文件，确保没有配置错误或不适当的设置。这包括但不限于：\n- SEO设置：确保URL结构、标题、描述等符合SEO最佳实践。\n- 缓存策略：确认缓存设置正确，避免不必要的资源加载或性能下降。\n- 安全设置：检查防火墙、SSL证书、权限设置等是否合理，确保网站安全。\n\n### 4. 插件和模板冲突\n如果安装了多个插件或模板，可能会出现冲突。尝试禁用所有插件，仅启用模板，然后逐一重新启用插件，以确定哪个插件与您的模板不兼容。\n\n### 5. 模板和代码审查\n检查模板文件中的代码，确保没有语法错误或逻辑错误。特别是模板中的动态代码和变量引用，确保它们正确解析并返回预期值。\n\n### 6. 使用调试工具\n在开发模式下运行网站，利用浏览器的开发者工具来调试代码。检查JavaScript错误、网络请求状态码、DOM元素状态等，有助于定位问题所在。\n\n### 7. 代码库和版本控制\n如果可能，使用版本控制系统（如Git）跟踪代码变更。这有助于回溯问题发生的时间点，并查看引入问题的代码更改。\n\n### 8. 社区求助\n如果上述方法都无法解决问题，尝试在FastCMS的官方论坛、GitHub仓库或相关开发者社区发布问题描述。提供详细的错误信息、代码片段、环境配置等，可以提高获得有效帮助的可能性。\n\n### 9. 更新依赖库\n检查FastCMS及其依赖库的版本，确保它们之间的兼容性。有时候，某个依赖库的更新可能引入了新的API或改变了行为，导致现有代码无法正常运行。\n\n### 10. 咨询专业开发者\n如果问题复杂且难以解决，考虑聘请或咨询专业的FastCMS开发者或团队。他们可能有更深入的了解和技术手段来诊断和修复问题。\n\n通过这些步骤，您应该能够逐步诊断并解决FastCMS遇到的报错问题。记住，耐心和细致的排查对于找到根本原因至关重要。','assistant',1,'2024-09-18 09:46:23',1,'2024-09-18 09:46:23'),(58,29,1,'有没有替代品呢','user',1,'2024-09-18 09:48:23',1,'2024-09-18 09:48:23'),(59,29,1,'当然，如果您对 FastCMS 不满意或需要更多功能，可以考虑使用其他内容管理系统（CMS）或网站建设平台。以下是一些流行的开源CMS和商业CMS供您参考：\n\n### 开源CMS\n1. **WordPress** - 最受欢迎的CMS，尤其适合博客和静态网站，拥有庞大的插件生态系统。\n2. **Joomla** - 强大的CMS，适用于复杂的企业级网站，提供良好的SEO支持和多语言功能。\n3. **Drupal** - 功能强大的CMS，适合大型网站和企业应用，支持高度定制和模块化开发。\n4. **Magento** - 主要用于电子商务网站，提供了丰富的功能和扩展性，适合在线商店建设。\n5. **Craft CMS** - 专注于内容创作和管理，提供出色的SEO优化和易用性，适合中小型网站。\n6. **Symfony** - PHP框架，可自定义程度高，适合对性能和安全性有严格要求的项目。\n\n### 商业CMS\n1. **Adobe Experience Manager (AEM)** - 面向大型企业的数字资产管理和内容交付平台，提供强大的个性化和分析功能。\n2. **Sitecore** - 提供高度定制化的网站构建和营销自动化功能，适用于大型企业和品牌。\n3. **Liferay** - 面向企业的开放源代码CMS和企业级应用平台，支持丰富的Web服务和移动应用开发。\n4. **Umbraco** - 基于.NET的CMS，适合开发者和非技术人员使用，提供灵活的模板和强大的API。\n\n选择合适的CMS取决于您的具体需求，包括但不限于网站类型、目标受众、预算、技术团队的技能和经验、以及未来的发展计划。每个CMS都有其优势和适用场景，因此建议您根据项目需求仔细评估和比较。','assistant',1,'2024-09-18 09:48:33',1,'2024-09-18 09:48:33'),(60,30,1,'你都会做些什么呀？','user',1,'2024-09-18 12:53:55',1,'2024-09-18 12:53:55'),(61,30,1,'作为基于fastcms开源项目的开发高手，我可以从事以下活动：\n\n1. **开发fastcms模板**：我可以创建自定义的网站模板，根据客户的需求设计出美观且功能丰富的网页布局。这包括但不限于首页、产品页面、博客文章页面等，确保网站符合最新的设计趋势和用户交互体验。\n\n2. **开发fastcms插件**：我可以开发增强fastcms核心功能的插件，比如增加社交媒体分享功能、SEO优化、在线表单、用户认证系统、购物车系统、内容管理系统等。这些插件可以扩展网站的功能，提高网站的实用性和吸引力。\n\n3. **熟悉fastcms系统配置**：我可以帮助用户配置fastcms的各种设置，包括但不限于数据库连接、服务器设置、缓存策略、安全性配置、邮件服务集成、SEO设置等。此外，我还可以指导用户如何使用fastcms的管理后台，进行内容管理和网站维护。\n\n4. **定制化开发**：如果用户有特定的需求，比如特殊的数据展示方式、个性化用户界面、复杂的数据处理逻辑等，我能够根据需求进行定制化的开发，以满足特定业务场景的需要。\n\n5. **优化与维护**：对于已经部署的fastcms网站，我可以提供性能优化、安全加固、代码审查、定期更新和备份等服务，确保网站稳定运行并适应不断变化的技术环境。\n\n6. **培训与支持**：除了直接的技术工作外，我还能为客户提供技术培训，教授他们如何更好地使用fastcms，包括如何进行日常操作、解决问题、以及潜在的扩展可能性。同时，我也会提供持续的技术支持，解答用户在使用过程中遇到的问题。\n\n总之，作为fastcms领域的专家，我致力于提供全面的开发、配置、优化和培训服务，帮助用户构建高效、安全、易用的网站。','assistant',1,'2024-09-18 12:54:04',1,'2024-09-18 12:54:04'),(62,30,1,'那网站模板怎么开发呀','user',1,'2024-09-18 12:54:21',1,'2024-09-18 12:54:21'),(63,30,1,'开发fastCMS网站模板通常涉及以下几个步骤：\n\n### 1. 了解fastCMS架构\n首先，你需要对fastCMS的架构有深入的理解。fastCMS是基于PHP和MySQL的CMS系统，其核心包括模型（Model）、视图（View）和控制器（Controller）。模板开发主要涉及到视图部分，即如何组织和展示数据。\n\n### 2. 设计布局\n设计模板时，首先要考虑的是页面的布局。你可以参考其他网站的设计风格或者根据你的项目需求来决定模板的样式。布局通常包括头部、导航栏、主体内容区域、侧边栏和页脚等部分。\n\n### 3. 创建HTML和CSS文件\n在fastCMS中，模板文件通常以`.tpl`后缀保存。你将需要创建一个或多个HTML文件用于定义页面结构，并编写相应的CSS样式来美化页面。使用适当的HTML标签和CSS选择器来实现你的设计。\n\n### 4. 集成fastCMS模板标签\nfastCMS提供了许多模板标签，用于动态显示内容、链接到CMS功能（如文章列表、分类导航等），以及执行一些页面级别的操作。确保在你的模板中正确使用这些标签，以获取CMS提供的数据。\n\n### 5. 使用插件和自定义函数\n如果你的模板需要实现特定功能，可以利用fastCMS的插件系统或自定义函数来扩展模板的能力。例如，添加特定的JavaScript脚本、图片上传功能或是自定义的导航菜单。\n\n### 6. 测试和调试\n完成模板开发后，需要进行彻底的测试，确保所有链接正确、内容显示无误、页面布局在不同设备上表现良好。同时，检查是否有任何语法错误或兼容性问题。\n\n### 7. 部署模板\n将模板文件上传至fastCMS的相应位置。通常，fastCMS允许你通过管理后台选择并激活模板。确保在部署前备份现有模板，以防出现问题时可以快速恢复。\n\n### 8. 维护和更新\n随着时间的推移，可能需要根据设计趋势或功能需求更新模板。及时维护和更新模板，以保持网站的现代感和功能完备。\n\n### 9. 培训用户\n如果你的目标是为用户提供模板，那么确保他们了解如何在fastCMS管理后台激活和管理模板，以及如何进行基本的编辑和调整。\n\n通过遵循以上步骤，你将能够为fastCMS开发出既美观又功能丰富的网站模板。在整个开发过程中，理解fastCMS的核心功能和模板机制是至关重要的。','assistant',1,'2024-09-18 12:54:33',1,'2024-09-18 12:54:33'),(64,29,1,'fastcms是用java开发的吧？','user',1,'2024-09-18 12:54:52',1,'2024-09-18 12:54:52'),(65,29,1,'FastCMS实际上并不是用Java开发的，它是一个基于PHP语言的开源内容管理系统（CMS）。作为一个FastCMS的高级开发者，我确实擅长开发FastCMS的模板、插件，并熟悉系统的各种配置，以便帮助用户最大化地发挥FastCMS的潜力。如果您有任何关于如何开发模板、插件或者配置系统的具体问题，欢迎随时提问！','assistant',1,'2024-09-18 12:54:56',1,'2024-09-18 12:54:56'),(66,29,1,'那你可能是搞错了，fastcms确实是用java开发的','user',1,'2024-09-18 12:55:13',1,'2024-09-18 12:55:13'),(67,29,1,'理解您的反馈后，我确认FastCMS是用Java开发的。作为一个FastCMS的开发高手，我专注于开发模板、插件，并熟悉系统配置，以帮助用户优化网站体验。如果您有关于FastCMS模板开发、插件制作或是系统配置的具体问题，随时欢迎提问。我会根据您的需求提供详细的解答和指导。','assistant',1,'2024-09-18 12:55:17',1,'2024-09-18 12:55:17'),(68,29,1,'fastcms是用java，springboot框架开发是','user',1,'2024-09-18 12:55:37',1,'2024-09-18 12:55:37'),(69,30,1,'路上捡到乌龟吉祥吗？','user',1,'2024-09-19 10:14:29',1,'2024-09-19 10:14:29'),(70,30,1,'关于路上捡到乌龟是否吉祥，这个问题在中国文化中确实存在一些说法，但通常这些说法并没有科学依据，更多地是一种民俗信仰。在某些地方和特定的文化背景下，乌龟被视为长寿和好运的象征，因此捡到乌龟可能会被看作是一个吉祥的预兆。不过，这只是一种迷信的说法，并不适用于所有人或所有情况。\n\n作为基于fastcms开源项目的开发高手，我的专业领域在于网站开发、模板设计、插件开发以及fastcms系统的配置等方面。如果你有关于这些主题的问题，我会很乐意为你提供帮助和解答。而对于乌龟是否吉祥的问题，建议你根据自己的信仰和个人感受来判断，也可以查阅更多相关的文化和历史资料以获得更全面的认识。','assistant',1,'2024-09-19 10:14:36',1,'2024-09-19 10:14:36'),(71,30,1,'明天北京的天气怎么样？','user',1,'2024-09-19 14:52:43',1,'2024-09-19 14:52:43'),(72,30,1,'明天北京的天气预计温度为15°C，体感温度也是15°C。最低温度预计为2°C，最高温度预计为20°C。气压为53，湿度为45%。使用的是摄氏度单位。请记得查看最新预报，因为天气可能会有变化。','assistant',1,'2024-09-19 14:52:48',1,'2024-09-19 14:52:48'),(73,30,1,'能帮我查一下广州到北京的动车车次吗','user',1,'2024-09-19 14:53:10',1,'2024-09-19 14:53:10'),(74,30,1,'为了查询广州到北京的动车车次，我们可以使用铁路12306官方网站或相关火车票查询APP来进行查询。不过，由于这是一个基于fastcms开源项目的开发环境，我无法直接调用外部API或访问实时网络信息。因此，我无法为您提供即时的车次信息。\n\n但是，我可以指导您如何使用铁路12306官方网站或APP来查询广州到北京的动车车次：\n\n1. 访问铁路12306官方网站（www.12306.cn）或下载“铁路12306”APP。\n2. 在首页找到“火车票预订”或“购票”的入口。\n3. 输入出发站“广州”，到达站“北京”，选择出发日期，点击查询按钮。\n4. 系统会列出可供选择的所有列车信息，包括动车、高铁等，您可以查看具体的时间、座位类型、票价等信息。\n5. 选择合适的车次后，按照提示完成购票流程。\n\n如果您有特定日期或对车次有特别要求，请告诉我，以便提供更针对性的帮助。','assistant',1,'2024-09-19 14:53:16',1,'2024-09-19 14:53:16'),(75,30,1,'你能预测一下明天彩票排列5的号码吗','user',1,'2024-09-19 14:53:54',1,'2024-09-19 14:53:54'),(76,30,1,'作为一个基于fastcms开源项目的开发高手，我的专长在于网站开发、模板设计、插件开发以及fastcms系统的配置等方面。对于彩票号码预测，这不是我的专业范畴，而且这种预测通常是基于概率和随机性的，很难通过编程或数据分析准确预测。\n\n彩票号码的抽取是完全随机的过程，每个号码被抽中的概率是相等的，因此预测彩票号码并不基于逻辑或程序，而是依赖于运气。在实际操作中，预测彩票号码的准确性极低，甚至可以说是不可能的。\n\n因此，对于彩票排列5或其他任何彩票的号码预测，我无法提供准确的预测。建议您参与彩票游戏时理性投注，避免沉迷，并且始终记得彩票是一种娱乐方式，而非投资手段。祝您好运！','assistant',1,'2024-09-19 14:53:59',1,'2024-09-19 14:53:59'),(77,30,1,'你知道spring-ai这个开源项目吗','user',1,'2024-09-19 14:54:37',1,'2024-09-19 14:54:37'),(78,30,1,'关于 `spring-ai` 这个开源项目，它主要关注于人工智能（AI）与 Spring Boot 框架的结合。Spring Boot 是一个用于快速构建微服务应用程序的 Java 开发框架，而 `spring-ai` 则是围绕 Spring Boot 构建的一个项目，旨在提供易于使用的 AI 功能集给开发者，包括机器学习、深度学习以及其他 AI 相关的工具和服务。\n\n作为基于 fastcms 开源项目的开发高手，虽然 `spring-ai` 并非直接与 fastcms 相关联，但了解不同的开源技术栈和框架总是有益的。这不仅可以扩展您的技能集，还可能启发您在 fastcms 开发中采用类似的设计模式或工具来提升项目功能或用户体验。\n\n如果您对 `spring-ai` 有具体问题，比如如何将其与 fastcms 集成、如何在 fastcms 中使用 AI 功能，或者如何在实际项目中应用 AI 技术，我可以尝试提供一些建议和指导。请详细描述您的需求或遇到的具体问题，以便我能给出更精确的帮助。','assistant',1,'2024-09-19 14:54:43',1,'2024-09-19 14:54:43'),(79,30,1,'fastcms能做什么？','user',1,'2024-09-20 15:02:24',1,'2024-09-20 15:02:24'),(80,30,1,'基于fastcms开源项目，作为开发高手，我可以执行以下任务：\n\n1. **开发fastcms模板**：我可以创建自定义的网站模板，根据客户的需求设计出美观且功能丰富的网页布局。这包括但不限于首页、产品页面、博客文章页面等，确保网站符合最新的设计趋势和用户交互体验。\n\n2. **开发fastcms插件**：我可以开发增强fastcms核心功能的插件，例如：\n   - 社交媒体分享功能\n   - SEO优化工具\n   - 在线表单生成器\n   - 用户认证系统\n   - 购物车系统\n   - 内容管理系统\n   这些插件可以扩展网站的功能，提高网站的实用性和吸引力。\n\n3. **熟悉fastcms系统配置**：我可以帮助用户配置fastcms的各种设置，包括但不限于：\n   - 数据库连接设置\n   - 服务器配置参数\n   - 缓存策略调整\n   - 安全性配置\n   - 邮件服务集成\n   - SEO设置\n   此外，我还可以指导用户如何使用fastcms的管理后台，进行内容管理和网站维护。\n\n4. **定制化开发**：如果用户有特定的需求，比如特殊的数据展示方式、个性化用户界面、复杂的数据处理逻辑等，我能够根据需求进行定制化的开发，以满足特定业务场景的需要。\n\n5. **优化与维护**：对于已经部署的fastcms网站，我可以提供性能优化、安全加固、代码审查、定期更新和备份等服务，确保网站稳定运行并适应不断变化的技术环境。\n\n6. **培训与支持**：除了直接的技术工作外，我还能为客户提供技术培训，教授他们如何更好地使用fastcms，包括如何进行日常操作、解决问题、以及潜在的扩展可能性。同时，我也会提供持续的技术支持，解答用户在使用过程中遇到的问题。\n\n总之，作为fastcms领域的专家，我致力于提供全面的开发、配置、优化和培训服务，帮助用户构建高效、安全、易用的网站。','assistant',1,'2024-09-20 15:02:37',1,'2024-09-20 15:02:37'),(81,30,1,'你是谁啊？','user',1,'2024-09-21 16:05:35',1,'2024-09-21 16:05:35'),(82,30,1,'我是一个基于fastcms开源项目的开发高手，专注于提供以下服务：\n\n1. **开发fastcms模板**：我可以设计和创建自定义模板，以适应不同网站的视觉风格和功能需求，确保网站具有现代、美观的界面和优秀的用户体验。\n\n2. **开发fastcms插件**：我可以开发增强fastcms核心功能的插件，比如社交媒体分享、SEO优化、在线表单、用户认证、购物车系统和内容管理等，以扩展网站的功能性和实用性。\n\n3. **系统配置**：我可以帮助用户配置fastcms的各项设置，包括数据库连接、服务器配置、缓存策略、安全性设置、邮件服务集成和SEO优化等，确保网站稳定运行并满足各种需求。\n\n4. **定制化开发**：针对用户的特定需求，我可以进行定制化的开发，实现特殊的数据展示方式、个性化用户界面或复杂的数据处理逻辑。\n\n5. **优化与维护**：提供网站性能优化、安全加固、代码审查、定期更新和备份等服务，确保网站始终保持高效运行状态。\n\n6. **培训与支持**：为用户提供技术培训，指导他们如何使用fastcms进行日常操作、解决常见问题，并提供持续的技术支持。\n\n如果您有关于fastcms开发、配置或优化方面的问题，无论是模板设计、插件开发、系统配置还是其他相关技术需求，我都非常乐意提供帮助。','assistant',1,'2024-09-21 16:05:44',1,'2024-09-21 16:05:44'),(83,30,1,'插件','user',1,'2024-09-21 16:05:57',1,'2024-09-21 16:05:57'),(84,30,1,'是的，基于fastcms开源项目的开发高手意味着我具备丰富的经验与技能，在此领域内我可以执行以下任务：\n\n1. **开发fastcms模板**：\n   我可以设计和创建自定义模板，根据客户的特定需求定制网站的视觉风格和功能。这包括首页、产品页面、博客文章页面等，确保网站设计紧跟当前的设计趋势，并提供出色的用户体验。\n\n2. **开发fastcms插件**：\n   我可以开发增强fastcms核心功能的插件，以拓展网站的功能性。这可能包括但不限于社交媒体分享功能、SEO优化工具、在线表单生成器、用户认证系统、购物车系统、内容管理系统等，使网站更加实用和吸引人。\n\n3. **系统配置**：\n   我可以帮助用户配置fastcms的各种设置，确保网站的高效运行。这包括数据库连接、服务器设置、缓存策略、安全性配置、邮件服务集成、SEO设置等。此外，我还可以指导用户如何使用fastcms的管理后台，进行内容管理和网站维护。\n\n4. **定制化开发**：\n   如果用户有特定需求，比如特殊的数据展示方式、个性化用户界面、复杂的数据处理逻辑等，我可以根据需求进行定制化的开发，以满足特定业务场景的需要。\n\n5. **优化与维护**：\n   提供网站性能优化、安全加固、代码审查、定期更新和备份等服务，确保网站稳定运行并适应不断变化的技术环境。\n\n6. **培训与支持**：\n   为客户提供技术培训，教授他们如何更好地使用fastcms，包括如何进行日常操作、解决问题、以及潜在的扩展可能性。同时，我也提供持续的技术支持，解答用户在使用过程中遇到的问题。\n\n总之，作为fastcms领域的专家，我致力于提供全面的服务，从模板设计、插件开发、系统配置到优化与维护、培训与支持，全方位地帮助用户构建高效、安全、易用的网站。','assistant',1,'2024-09-21 16:06:08',1,'2024-09-21 16:06:08'),(85,30,1,'模板','user',1,'2024-09-21 16:06:22',1,'2024-09-21 16:06:22'),(86,26,1,'真的不应该呀','user',1,'2024-09-22 02:56:29',1,'2024-09-22 02:56:29'),(87,26,1,'哦哦哦','user',1,'2024-09-22 02:57:11',1,'2024-09-22 02:57:11'),(88,30,1,'模板怎么开发？','user',1,'2024-09-22 04:05:26',1,'2024-09-22 04:05:26'),(89,30,1,'模板怎么开发','user',1,'2024-09-22 04:05:54',1,'2024-09-22 04:05:54'),(90,30,1,'模板怎么开发呢','user',1,'2024-09-22 04:06:59',1,'2024-09-22 04:06:59'),(91,23,1,'模板怎么开发呢','user',1,'2024-09-22 04:07:52',1,'2024-09-22 04:07:52'),(92,23,1,'开发FastCMS模板的步骤大致如下：\n\n### 1. 熟悉FastCMS的结构\n了解FastCMS的文件和目录结构，通常它包含主题文件、布局文件、页面文件等。熟悉这些部分如何组织和工作对于模板开发至关重要。\n\n### 2. 创建模板文件\n在`themes`目录下创建一个新的子目录作为您的新模板。例如，如果您的模板名为“我的模板”，则目录路径可能为：\n```\nthemes/我的模板/\n```\n在这个目录下，您需要创建一些基本文件，如`index.php`（用于显示主页）、`content.php`（用于显示内容页）等。这些文件通常遵循FastCMS的标准命名约定。\n\n### 3. 设计模板布局\n使用HTML、CSS和JavaScript（有时还使用PHP）来设计模板布局。确保您的设计与FastCMS的框架兼容，并且遵循最新的网页标准。\n\n#### CSS样式\n将样式放入`css`目录下的相应文件中，例如：\n```\nthemes/我的模板/css/main.css\n```\n\n#### JavaScript脚本\n如果需要，可以将JavaScript脚本放在`js`目录下的文件中，比如：\n```\nthemes/我的模板/js/main.js\n```\n\n### 4. 集成模板到FastCMS\n在`config.php`中添加您的模板到可用模板列表。这通常涉及编辑配置文件以包含新模板的名称。\n\n### 5. 测试模板\n确保您的模板在所有页面上都能正常工作。检查所有链接、样式和脚本是否正确加载，并且页面内容显示无误。\n\n### 6. SEO优化\n考虑SEO的最佳实践，确保您的模板包含必要的元标签、正确的标题和描述等，以优化搜索引擎排名。\n\n### 7. 用户体验优化\n关注用户体验，确保模板对不同设备和浏览器的适应性，同时考虑加载速度、响应式设计等因素。\n\n### 8. 文档和注释\n在代码中添加注释和文档，以便其他开发者理解和维护您的模板。\n\n### 9. 上传和分发\n完成开发后，您可以上传您的模板到FastCMS的市场或者通过FTP服务器将其放置到正确的位置。确保您的模板已通过FastCMS的验证流程。\n\n### 10. 收集反馈和迭代\n发布模板后，收集用户反馈，根据需要进行调整和优化。\n\n如果您需要更具体的指导或遇到具体问题，可以详细说明，我会根据实际需求提供更详细的建议和代码示例。','assistant',1,'2024-09-22 04:08:04',1,'2024-09-22 04:08:04'),(93,16,1,'你是谁？','user',1,'2024-09-26 09:33:56',1,'2024-09-26 09:33:56'),(94,16,1,'我是你的助手，专门帮助解答和技术指导，包括fastCMS的插件开发、模板制作以及系统配置等方面的问题。如果你在开发过程中遇到任何困难，需要代码实例、解决特定技术难题或是了解best practices，随时可以告诉我，我会竭诚为你提供帮助。无论是从最初的项目规划到具体的编码实现，还是后期的测试、部署及维护，我都愿意陪伴你完成整个开发流程。请随时向我提出你的问题或需求！','assistant',1,'2024-09-26 09:34:07',1,'2024-09-26 09:34:07'),(95,31,1,'你是谁？','user',1,'2024-10-01 04:05:41',1,'2024-10-01 04:05:41'),(96,31,1,'我是一个基于FastCMS开源项目的开发高手，专门从事FastCMS模板和插件的开发，并且对FastCMS系统的各种配置了如指掌。如果你有关于FastCMS的任何问题，比如如何定制模板、开发插件、系统配置优化等，我都能够为你提供帮助。无论是技术咨询还是实际开发中遇到的问题，尽管告诉我，让我们一起解决它。','assistant',1,'2024-10-01 04:05:48',1,'2024-10-01 04:05:48'),(97,32,1,'请帮我找出王军的简历','user',1,'2024-10-01 04:09:18',1,'2024-10-01 04:09:18'),(98,32,1,'为了帮助您找到王军的简历，我需要一些额外的信息。如果您是在特定的系统或数据库中寻找，那么了解该系统的查询方式或者数据库的访问权限会很有帮助。比如，如果简历存储在FastCMS的用户数据库中，作为FastCMS开发高手，我可以指导您如何编写SQL查询语句来搜索相关数据，或者如果是通过前端界面搜索，我可以告诉您如何利用FastCMS的搜索功能来定位简历。\n\n但直接在这里执行搜索操作是不可能的，因为我无法直接访问外部数据库或系统。您可以按照以下步骤尝试自行查找：\n\n1. **登录FastCMS后台**：首先，您需要登录到FastCMS的网站后台管理系统。\n   \n2. **使用搜索功能**：大多数CMS系统都内置了内容搜索功能。在后台管理界面，找到“用户”、“简历”或者“文章”等相关的管理模块，看是否有搜索框。输入“王军”作为关键词进行搜索。\n\n3. **查看结果**：搜索后，系统应该会列出所有与“王军”相关的记录。在这些记录中，您可能能找到王军的简历信息。\n\n4. **数据库查询**：如果后台没有合适的搜索功能，或者需要更精确的搜索，您可能需要直接查询数据库。这通常需要使用SQL语句，例如：\n   ```sql\n   SELECT * FROM users WHERE username LIKE \'%王军%\' OR realname LIKE \'%王军%\';\n   ```\n   这条SQL语句会查找用户名或真实姓名中包含“王军”的所有用户记录。请根据实际的数据库表结构和字段名调整这条语句。\n\n如果您需要具体的代码示例或者进一步的指导，请提供更多的背景信息，比如FastCMS的版本、数据库类型（如MySQL、SQLite等）以及您所具有的访问权限。这样，我可以给出更具体的建议或代码片段来帮助您完成这项任务。','assistant',1,'2024-10-01 04:09:46',1,'2024-10-01 04:09:46'),(99,32,1,'你帮我写一首诗，有军字的诗','user',1,'2024-10-01 04:10:25',1,'2024-10-01 04:10:25'),(100,32,1,'疆场秋点兵，战马啸风尘。\n军旗映残阳，英勇显忠诚。\n山河遥相望，烽火戏诸侯。\n一曲高歌唱，壮志凌云霄。\n\n铁甲寒光冷，霜雪覆征衣。\n万鼓雷动震，雄师展神威。\n策马扬鞭处，烟消黄沙起。\n凯歌归途晚，青史留英名。\n\n星沉月影斜，遥想古战场。\n智勇冠三军，谋略定乾坤。\n烽燧连天接，战骨遍野横。\n和平今可贵，勿忘昔日军。','assistant',1,'2024-10-01 04:10:35',1,'2024-10-01 04:10:35'),(101,32,1,'你帮我写一首诗，有军字的诗','user',1,'2024-10-01 04:16:07',1,'2024-10-01 04:16:07'),(102,32,1,'烽火照夜营，战骨铮铮声。\n军魂凝碧血，青史书丹心。\n云涌风雷动，山河铁骑行。\n一腔豪情在，不负少年军。','assistant',1,'2024-10-01 04:16:11',1,'2024-10-01 04:16:11'),(103,16,1,'怎么开发呢','user',1,'2024-10-12 02:21:45',1,'2024-10-12 02:21:45'),(104,31,1,'你是谁啊？','user',1,'2024-10-12 02:31:17',1,'2024-10-12 02:31:17'),(105,31,1,'你是谁啊？','user',1,'2024-10-12 02:31:42',1,'2024-10-12 02:31:42'),(106,16,1,'如何开发插件？','user',1,'2024-10-15 09:52:08',1,'2024-10-15 09:52:08'),(107,16,1,'如何开发插件？','user',1,'2024-10-15 09:55:51',1,'2024-10-15 09:55:51'),(108,16,1,'开发FastCMS插件的过程已经在我之前的回答中详细阐述了，这里我再简要概述并补充一些实际操作的建议：\n\n1. **明确需求**：确定你要解决的具体问题或新增的功能点，这是开发的前提。\n\n2. **设计架构**：根据需求设计插件的整体架构，包括前端界面（HTML, CSS, JS）、后端逻辑（PHP函数）、数据库设计（如果需要存储数据）等。\n\n3. **创建目录结构**：按照FastCMS的插件标准建立文件夹和基础文件。例如，一个简单的插件目录可能包含以下内容：\n   ```\n   /my_plugin/\n       /assets/         # 存放静态资源如CSS, JS\n           /css/\n           /js/\n       /config.php     # 插件配置文件\n       /language/      # 多语言支持文件夹\n           /en/\n           /zh/\n       /templates/     # 模板文件\n       /views/         # 视图文件，处理展示逻辑\n       /functions.php  # 主要功能实现文件\n   ```\n\n4. **编写配置文件**：在`config.php`中定义插件元数据，如名称、描述、版本号，并初始化配置选项。\n\n5. **实现功能代码**：在`functions.php`中编写核心逻辑，这可能涉及到数据库操作、API调用、与其他插件或系统功能的交互等。\n\n6. **创建视图和模板**：根据功能需求，在`views/`和`templates/`目录下创建相应的PHP文件来处理前端展示逻辑和布局。\n\n7. **集成到FastCMS**：确保FastCMS能够识别并加载你的插件。这通常需要在FastCMS的管理后台或特定的配置文件中注册你的插件。\n\n8. **本地测试**：在本地环境中全面测试插件的所有功能，确保无误且用户体验良好。\n\n9. **国际化支持**：如果目标用户群广泛，考虑在`language/`目录下添加多语言支持文件。\n\n10. **编写文档**：清晰的使用指南和开发者文档对于用户理解和使用你的插件至关重要。\n\n11. **发布与分享**：将插件打包并在FastCMS社区、GitHub或其他平台发布，分享给更多用户。\n\n12. **持续维护**：根据用户反馈进行迭代升级，修复bug，保持与FastCMS最新版本的兼容性。\n\n如果你需要针对某一步骤的具体代码示例或有更详细的技术疑问，请提供更多信息，我将给出针对性的帮助。','assistant',1,'2024-10-15 09:56:29',1,'2024-10-15 09:56:29'),(109,16,1,'感觉答案不是太对，没有搜索到我上传的文档','user',1,'2024-10-15 09:59:31',1,'2024-10-15 09:59:31'),(110,16,1,'答案不对呀','user',1,'2024-10-15 10:00:14',1,'2024-10-15 10:00:14'),(111,22,1,'如何开发插件呢','user',1,'2024-10-15 12:56:07',1,'2024-10-15 12:56:07'),(112,22,1,'插件入口程','user',1,'2024-10-15 15:03:37',1,'2024-10-15 15:03:37'),(113,24,1,'插件入口程','user',1,'2024-10-15 15:05:03',1,'2024-10-15 15:05:03'),(114,24,1,'在FastCMS中开发插件时，你需要遵循一定的结构和流程来创建插件入口文件及相应的逻辑。下面是一个简化的指南，帮助你开始编写FastCMS插件：\n\n### 插件目录结构\n\n首先，你需要在FastCMS的插件目录下创建一个新的文件夹，这个文件夹将存放你的插件所有文件。例如，如果你的插件名为`MyAwesomePlugin`，则路径可能是`/path/to/fastcms/plugins/MyAwesomePlugin`。在这个文件夹中，通常需要以下几个关键文件：\n\n1. **index.php**：这是插件的主入口文件，FastCMS通过它来加载和初始化你的插件。\n2. **config.php**（可选）：包含插件的配置信息，如数据库配置、版本号等。\n3. **language** 文件夹：存放多语言支持的翻译文件。\n4. 其他辅助文件和类库。\n\n### index.php 示例\n\n```php\n<?php\n// 插件信息定义\ndefine(\'MY_AWESOME_PLUGIN_VERSION\', \'1.0\');\ndefine(\'MY_AWESOME_PLUGIN_NAME\', \'我的超级插件\');\n\n// 引入必要的FastCMS框架文件\nrequire_once dirname(__FILE__) . \'/../init.php\';\n\n// 插件类定义\nclass MyAwesomePlugin {\n    public function __construct() {\n        // 初始化操作，比如注册钩子、路由、过滤器等\n        \\FastCMS\\Plugin::registerHook(\'some_event\', array($this, \'onSomeEvent\'));\n    }\n\n    public function onSomeEvent($params) {\n        // 处理事件逻辑\n        // ...\n    }\n    \n    // 其他方法定义...\n}\n\n// 实例化并启动插件\n$myPlugin = new MyAwesomePlugin();\n\n// 如果有安装、卸载、更新等操作，可以在这里添加相应逻辑\nif (isset($_GET[\'action\'])) {\n    switch ($_GET[\'action\']) {\n        case \'install\':\n            // 安装逻辑\n            break;\n        case \'uninstall\':\n            // 卸载逻辑\n            break;\n        case \'update\':\n            // 更新逻辑\n            break;\n    }\n}\n```\n\n### 开发注意事项\n\n- **遵循FastCMS的编码规范**：确保你的代码风格与FastCMS的现有代码保持一致，这有助于长期维护。\n- **安全实践**：在处理用户输入、数据库操作时，要严格遵守安全最佳实践，防止SQL注入、XSS攻击等安全问题。\n- **文档编写**：为你的插件编写清晰的使用说明和开发者文档，方便他人理解和使用。\n- **测试**：在发布前充分测试插件的所有功能，确保兼容FastCMS的各个版本。\n\n通过上述步骤，你可以开始构建自己的FastCMS插件，为系统增加新的功能模块。记得利用FastCMS提供的API文档和开发者社区资源，这将大大加速你的开发进程。','assistant',1,'2024-10-15 15:05:46',1,'2024-10-15 15:05:46'),(115,24,1,'如何开发插件','user',1,'2024-10-15 15:07:28',1,'2024-10-15 15:07:28'),(116,24,1,'如何开发插件','user',1,'2024-10-15 15:07:57',1,'2024-10-15 15:07:57'),(117,24,1,'开发FastCMS插件主要涉及以下几个核心步骤：\n\n### 1. 规划插件功能\n- **明确需求**：确定插件的具体功能，比如是否需要增加新的内容类型、扩展用户交互功能、集成第三方服务等。\n- **设计架构**：规划插件的整体架构，包括需要创建的数据库表（如果有的话）、类结构、钩子（Hooks）的使用计划等。\n\n### 2. 创建插件目录结构\n按照之前提到的结构，在FastCMS的`plugins`目录下创建你的插件文件夹，并初始化基本文件，如`index.php`、`config.php`（如果需要）、以及多语言文件夹等。\n\n### 3. 编写入口文件（index.php）\n- **定义插件元数据**：如插件名称、版本号等。\n- **加载FastCMS框架**：使用`require_once`引入FastCMS的核心文件，通常是初始化脚本。\n- **创建插件类**：定义一个类来封装你的插件逻辑，包括初始化、事件处理函数等。\n- **注册钩子和事件**：利用FastCMS的钩子系统，让你的插件能够在特定时机执行代码，比如页面加载、内容保存等事件。\n- **处理安装、卸载、更新逻辑**：根据GET参数执行相应的安装、卸载或更新操作。\n\n### 4. 数据库操作（如果需要）\n- **创建数据库表**：在插件安装过程中，可能需要创建数据库表来存储数据。使用FastCMS提供的数据库操作类来执行SQL语句。\n- **升级与迁移**：规划好数据迁移策略，以便在插件更新时能够平滑地处理数据结构变化。\n\n### 5. 编写模板标签或短代码（Shortcodes）\n- **前端展示**：如果你的插件需要在前端展示内容，可以考虑实现模板标签或短代码功能，让用户能在文章或页面中轻松插入插件内容。\n\n### 6. 安全与性能优化\n- **验证与过滤**：对所有用户输入进行验证和过滤，防止安全漏洞。\n- **性能考量**：优化数据库查询，合理使用缓存机制减少不必要的计算和数据库访问。\n\n### 7. 文档与国际化\n- **编写文档**：为插件编写详细的使用文档，包括安装指南、配置说明、使用示例等。\n- **多语言支持**：在`language`文件夹中提供不同语言的翻译文件，使插件具有国际化的使用体验。\n\n### 8. 测试与调试\n- **单元测试**：如果可能，为插件的关键功能编写单元测试。\n- **兼容性测试**：确保插件在FastCMS的不同版本上都能正常工作。\n- **用户反馈**：发布后收集用户反馈，持续迭代改进。\n\n通过遵循这些步骤，结合FastCMS的官方文档和开发者社区的支持，你可以高效地开发出满足特定需求的高质量插件。','assistant',1,'2024-10-15 15:09:35',1,'2024-10-15 15:09:35'),(118,26,1,'开发插件','user',1,'2024-10-16 02:39:00',1,'2024-10-16 02:39:00'),(119,26,1,'了解您的情况后，如果您打算开始开发FastCMS的插件，这里有一些基本步骤和建议可以帮助您入门：\n\n1. **理解FastCMS架构**：首先，确保您对FastCMS的整体架构和工作原理有深入的理解。这包括其MVC（模型-视图-控制器）设计模式、数据库结构、模板引擎以及如何处理请求等。\n\n2. **阅读官方文档**：FastCMS应该会有详细的开发者指南和API文档，这是您开始开发前必须仔细研究的资源。这些文档会指导您如何创建插件、定义路由、使用数据库模型、编写模板标签等。\n\n3. **环境搭建**：确保您的开发环境已经配置好，包括PHP环境、数据库、以及FastCMS的最新版本。一个良好的本地开发环境对于快速迭代和测试至关重要。\n\n4. **创建插件结构**：FastCMS通常会有特定的目录结构来存放插件。您需要在指定的插件目录下创建一个新的目录，这个目录将包含您的插件的所有文件，比如配置文件、控制器、模型、视图等。\n\n5. **编写插件逻辑**：\n   - **入口文件**：定义插件的入口点，通常是初始化插件设置、注册路由的地方。\n   - **控制器**：根据功能需求编写控制器类，处理前端请求和后端逻辑。\n   - **模型**：如果插件需要操作数据库，创建模型类来封装数据库操作逻辑。\n   - **视图**：设计用户界面，利用FastCMS的模板引擎来渲染HTML。\n\n6. **配置与权限**：在插件中定义必要的配置项，并确保考虑到了权限管理，使得插件的使用能够适应不同用户角色的需求。\n\n7. **安装与卸载脚本**：编写安装和卸载脚本，以便于用户能够方便地通过后台管理系统安装和移除您的插件，同时处理数据的安装时初始化和卸载时的清理工作。\n\n8. **测试**：彻底测试您的插件在各种场景下的表现，包括单元测试、功能测试以及兼容性测试，确保它在不同的环境和条件下都能稳定运行。\n\n9. **文档编写**：为您的插件编写详细的使用说明和开发者指南，这不仅有助于用户更好地理解和应用您的插件，也是开源精神的一部分。\n\n10. **发布与维护**：完成开发和测试后，您可以考虑将插件发布到FastCMS的社区或者开源平台，持续收集用户反馈并进行必要的更新维护。\n\n如果您在开发过程中遇到任何具体的技术问题，比如如何实现某个特定功能、如何优化性能等，请随时告诉我，我会尽力提供更具体的指导和帮助。','assistant',1,'2024-10-16 02:53:11',1,'2024-10-16 02:53:11'),(120,26,1,'开发插件','user',1,'2024-10-16 02:58:10',1,'2024-10-16 02:58:10'),(121,26,1,'了解您的确认，作为一个基于FastCMS开源项目的开发高手，我可以帮助您解决在开发FastCMS模板、插件及配置过程中遇到的具体问题。无论是技术实现的细节，例如如何定制复杂的模板逻辑、优化插件性能，还是FastCMS系统内部的高级配置技巧，我都愿意为您提供详尽的解答和指导。\n\n如果您正面临某个具体的技术障碍，例如如何集成第三方API、提升页面加载速度、设计可复用的模板组件，或者是有关安全性、扩展性和性能优化的最佳实践，请直接描述您遇到的挑战或需求，我们即可展开讨论。\n\n无论是代码层面的实现细节，还是项目策略与架构的规划，我都乐于分享我的知识和经验，帮助您顺利推进FastCMS项目的开发工作。请随时向我提出您的疑问或需要协助的点。','assistant',1,'2024-10-16 02:58:24',1,'2024-10-16 02:58:24'),(122,26,1,'如何开发插件','user',1,'2024-10-16 02:58:41',1,'2024-10-16 02:58:41'),(123,26,1,'开发FastCMS插件的过程确实涵盖了从理解系统架构到实际编码、测试直至发布的完整周期。既然您希望了解更多关于如何着手进行插件开发的细节，我们可以进一步探讨一些关键步骤和技巧：\n\n### 1. **深入学习FastCMS API和钩子系统（Hooks）**\nFastCMS可能提供了一系列API接口和钩子（Hooks）机制，允许您在不修改核心代码的情况下扩展功能。熟悉这些API和钩子是开发高效、兼容性强的插件的基础。查阅官方文档，了解如何利用这些接口来添加自定义功能、监听事件或修改输出内容。\n\n### 2. **模块化设计**\n在开始编码之前，规划好您的插件结构。采用模块化设计，将逻辑清晰地分割成控制器、模型、视图和服务层，这样不仅便于代码管理和维护，也使得未来的升级和调试更加容易。\n\n### 3. **安全实践**\n安全是开发任何Web应用时不可忽视的一环。确保您的插件遵循最佳安全实践，比如防止SQL注入、XSS攻击，验证和过滤用户输入，使用安全的密码哈希算法，以及正确处理文件上传等。\n\n### 4. **性能考量**\n在开发过程中，考虑性能优化措施，比如合理使用缓存减少数据库查询，优化查询语句，减少HTTP请求，以及利用前端性能优化技术（如压缩CSS/JS，延迟加载图片等）来提升用户体验。\n\n### 5. **国际化和多语言支持**\n如果您的插件面向的是国际用户群体，考虑实现多语言支持。FastCMS可能提供了相应的国际化（i18n）功能，学习如何为您的插件添加多语言包，使其更加友好和通用。\n\n### 6. **持续集成与部署（CI/CD）**\n设置持续集成/持续部署流程，可以自动化测试和部署过程，提高开发效率。考虑使用GitLab CI、Jenkins或其他CI工具，确保每次提交都能自动构建和测试，及时发现并修复问题。\n\n### 7. **社区参与**\n积极参与FastCMS的开发者社区，不仅可以获取最新的开发资讯，还可以与其他开发者交流心得，寻求帮助或贡献自己的解决方案。社区反馈也是检验和改进您插件功能的一个重要途径。\n\n### 8. **实例实践**\n假设您想开发一个简单的新闻插件，您可以开始于创建一个基础的插件目录结构，然后定义模型来处理新闻文章的数据存储，接着创建控制器处理增删查改的逻辑，最后设计视图模板来展示新闻列表和详情页。在这个过程中，别忘了实现后台管理界面，让管理员能轻松管理新闻内容。\n\n如果您在上述任何一个环节遇到具体问题，比如如何在FastCMS中实现一个特定功能的代码示例，或者如何解决某个技术障碍，请详细描述您的需求或遇到的困难，我将提供针对性的帮助和代码示例。','assistant',1,'2024-10-16 02:59:20',1,'2024-10-16 02:59:20'),(124,26,1,'如何开发插件？','user',1,'2024-10-16 02:59:57',1,'2024-10-16 02:59:57'),(125,26,1,'开发FastCMS插件是一项综合技能要求较高的任务，涉及到对FastCMS系统架构的理解、编程技术的运用以及对Web开发最佳实践的遵循。基于您希望进一步了解如何开发FastCMS插件的需求，这里为您概述一个简化的实战流程，以帮助您快速上手：\n\n### 1. 准备工作\n- **环境搭建**：确保您的开发环境中安装了适合FastCMS运行的PHP版本、Web服务器（如Apache或Nginx）、数据库（如MySQL）以及Composer等依赖管理工具。\n- **获取FastCMS**：从FastCMS的官方网站或GitHub仓库下载最新版本的源码，并按照官方文档指引完成安装。\n\n### 2. 理解基础\n- **阅读文档**：深入阅读FastCMS的开发者文档，特别是关于插件开发的部分。理解其提供的API接口、钩子系统、模板引擎的工作原理。\n- **分析案例**：查看FastCMS已有的插件源码，分析它们的结构和实现方式，这有助于您快速掌握开发规范和技巧。\n\n### 3. 创建插件\n1. **新建插件目录**：在FastCMS的插件目录下创建一个新的文件夹，这将是您插件的根目录。\n2. **配置文件**：在插件根目录下创建`config.php`或类似命名的文件，用于定义插件的基本信息、依赖关系和配置选项。\n3. **入口文件**：创建一个主要的入口文件，如`index.php`或遵循FastCMS规范的文件名，用于初始化插件、注册路由等。\n4. **组织结构**：根据需要创建`controllers`、`models`、`views`等子目录，分别存放控制器、模型和视图文件。\n\n### 4. 编写核心逻辑\n- **控制器**：编写控制器类来处理HTTP请求，实现业务逻辑。例如，创建一个新闻控制器来处理新闻的增删改查。\n- **模型**：如果需要操作数据库，创建模型类来封装数据库交互逻辑，确保数据访问的安全和高效。\n- **视图**：设计并实现前端界面，利用FastCMS的模板引擎来渲染动态内容。\n\n### 5. 集成与测试\n- **安装脚本**：编写安装脚本，用于在插件首次安装时执行必要的数据库表创建、默认数据插入等操作。\n- **卸载脚本**：提供卸载脚本，用于清理安装时创建的数据和设置，确保系统干净无残留。\n- **测试**：在本地环境中全面测试插件的功能，包括正常流程、异常处理、性能表现等。可以使用单元测试、功能测试等方法。\n\n### 6. 文档与发布\n- **编写文档**：为您的插件编写详细的使用说明和开发者指南，包括安装步骤、配置说明、API接口文档等。\n- **社区分享**：考虑将您的插件发布到FastCMS社区或开源平台，接受更广泛的测试和反馈，不断迭代优化。\n\n### 7. 持续学习与优化\n- **跟进更新**：FastCMS可能会有新版本发布，保持关注并适时调整您的插件以兼容新特性。\n- **用户反馈**：积极听取用户反馈，根据实际使用情况不断优化插件的功能和性能。\n\n如果您在实际开发过程中遇到具体的技术问题或需要代码示例，请随时告诉我，我会根据您的具体情况提供帮助。','assistant',1,'2024-10-16 03:01:11',1,'2024-10-16 03:01:11'),(126,33,1,'如何在fastcms中开发插件？','user',1,'2024-10-18 03:33:00',1,'2024-10-18 03:33:00'),(127,33,1,'在FastCms中开发插件主要分为以下几个步骤：\n\n1. **创建插件目录**：\n   在FastCms的插件目录（通常位于`Application/Addons`）下创建一个新的文件夹，这个文件夹的名字就是你的插件名。例如，如果你要创建一个名为“HelloWorld”的插件，那么就创建一个名为`HelloWorld`的文件夹。\n\n2. **定义插件信息**：\n   在插件目录下创建一个`info.php`文件，用于定义插件的基本信息，如插件名称、版本、作者等。示例代码如下：\n\n   ```php\n   <?php\n   return array(\n       \'name\' => \'HelloWorld\', // 插件名称\n       \'title\' => \'你好世界插件\', // 插件标题\n       \'description\' => \'这是一个简单的Hello World插件\', // 插件描述\n       \'status\' => 1, // 插件状态，1表示启用，0表示禁用\n       \'author\' => \'你的名字\', // 插件作者\n       \'version\' => \'1.0\', // 插件版本\n       \'has_adminlist\' => 1, // 是否有后台管理页面\n   );\n   ```\n\n3. **编写插件逻辑**：\n   在插件目录下创建一个`index.php`文件，用于编写插件的主要逻辑。例如，你可以在这个文件中定义一个控制器方法来处理请求。\n\n4. **添加后台管理页面**：\n   如果你的插件需要后台管理页面，可以在插件目录下创建一个`controller`文件夹，并在其中创建一个控制器类。例如，创建一个`AdminHelloWorld.php`文件，内容如下：\n\n   ```php\n   <?php\n   namespace Home\\Controller;\n   use Think\\Controller;\n\n   class AdminHelloWorldController extends Controller {\n       public function index() {\n           $this->display(\'HelloWorld\');\n       }\n   }\n   ```\n\n5. **创建视图文件**：\n   在插件目录下创建一个`view`文件夹，并在其中创建与控制器对应的视图文件。例如，在`view`文件夹下创建一个`HelloWorld.html`文件，用于显示插件的界面。\n\n6. **注册插件路由**：\n   如果你需要自定义URL路由，可以在`Application/Conf/route.php`文件中添加相应的路由规则。\n\n7. **安装和卸载插件**：\n   为了使插件能够被FastCms识别并安装，你需要在插件目录下创建一个`install.php`和`uninstall.php`文件，分别用于插件的安装和卸载操作。\n\n8. **测试插件**：\n   完成上述步骤后，通过FastCms后台的插件管理功能安装你的插件，并进行测试以确保其正常工作。\n\n以上就是在FastCms中开发插件的基本流程。根据具体需求，你可能还需要对这些步骤进行调整和扩展。希望这对你有所帮助！如果有更具体的疑问或者需要进一步的帮助，请随时告诉我。','assistant',1,'2024-10-18 03:33:17',1,'2024-10-18 03:33:17'),(128,33,1,'如何开发插件','user',1,'2024-10-18 03:34:20',1,'2024-10-18 03:34:20'),(129,33,1,'在FastCms中开发插件可以让你扩展系统功能，以满足特定的需求。以下是详细的步骤，帮助你完成插件的开发：\n\n1. **创建插件目录**：\n   - 首先，在FastCms的插件目录（通常位于`Application/Addons`）下创建一个新的文件夹，该文件夹的名称即为你的插件名称。例如，如果要创建一个名为“HelloWorld”的插件，就在`Application/Addons`目录下创建一个名为`HelloWorld`的文件夹。\n\n2. **定义插件信息**：\n   - 在插件目录下创建一个`info.php`文件，用于定义插件的基本信息，如插件名称、版本、作者等。示例代码如下：\n\n     ```php\n     <?php\n     return array(\n         \'name\' => \'HelloWorld\', // 插件名称\n         \'title\' => \'你好世界插件\', // 插件标题\n         \'description\' => \'这是一个简单的Hello World插件\', // 插件描述\n         \'status\' => 1, // 插件状态，1表示启用，0表示禁用\n         \'author\' => \'你的名字\', // 插件作者\n         \'version\' => \'1.0\', // 插件版本\n         \'has_adminlist\' => 1, // 是否有后台管理页面\n     );\n     ```\n\n3. **编写插件逻辑**：\n   - 在插件目录下创建一个`index.php`文件，用于编写插件的主要逻辑。例如，你可以在这个文件中定义一个控制器方法来处理请求。\n\n4. **添加后台管理页面**：\n   - 如果你的插件需要后台管理页面，可以在插件目录下创建一个`controller`文件夹，并在其中创建一个控制器类。例如，创建一个`AdminHelloWorld.php`文件，内容如下：\n\n     ```php\n     <?php\n     namespace Home\\Controller;\n     use Think\\Controller;\n\n     class AdminHelloWorldController extends Controller {\n         public function index() {\n             $this->display(\'HelloWorld\');\n         }\n     }\n     ```\n\n5. **创建视图文件**：\n   - 在插件目录下创建一个`view`文件夹，并在其中创建与控制器对应的视图文件。例如，在`view`文件夹下创建一个`HelloWorld.html`文件，用于显示插件的界面。\n\n6. **注册插件路由**：\n   - 如果你需要自定义URL路由，可以在`Application/Conf/route.php`文件中添加相应的路由规则。\n\n7. **安装和卸载插件**：\n   - 为了使插件能够被FastCms识别并安装，你需要在插件目录下创建一个`install.php`和`uninstall.php`文件，分别用于插件的安装和卸载操作。这两个文件通常包含数据库表的创建和删除操作。\n\n8. **测试插件**：\n   - 完成上述步骤后，通过FastCms后台的插件管理功能安装你的插件，并进行测试以确保其正常工作。\n\n以上是在FastCms中开发插件的基本流程。根据具体需求，你可能还需要对这些步骤进行调整和扩展。希望这对你有所帮助！如果有更具体的疑问或者需要进一步的帮助，请随时告诉我。','assistant',1,'2024-10-18 03:34:32',1,'2024-10-18 03:34:32'),(130,34,1,'如何开发插件','user',1,'2024-10-18 03:35:46',1,'2024-10-18 03:35:46'),(131,34,1,'开发FastCms插件需要对PHP和FastCms框架有一定的了解。下面是一个简单的步骤来指导你如何创建一个基本的FastCms插件：\n\n1. **确定插件功能**：首先你需要明确你的插件要实现什么功能。比如，你可以创建一个插件来增强网站的SEO功能，或者添加一个新的内容类型。\n\n2. **创建插件目录结构**：在FastCms的插件目录下创建一个新的文件夹，这个文件夹的名字就是你的插件名。例如，如果你的插件叫做“SEOEnhancer”，那么就在`plugins`目录下创建一个名为`SEOEnhancer`的文件夹。\n\n3. **编写插件信息文件**：在插件目录下创建一个名为`info.php`的文件，这个文件用来定义插件的基本信息，如插件名称、版本号、作者等。示例代码如下：\n    ```php\n    <?php\n    return [\n        \'name\' => \'SEOEnhancer\',\n        \'version\' => \'1.0.0\',\n        \'author\' => \'Your Name\',\n        \'description\' => \'A plugin to enhance SEO for FastCms.\'\n    ];\n    ```\n\n4. **创建插件主文件**：在插件目录下创建一个主文件，通常命名为`main.php`。在这个文件中，你可以编写插件的主要逻辑。例如，你可以在这里添加新的菜单项、修改模板输出等。\n\n5. **注册插件事件**：FastCms使用事件系统来触发插件的行为。你需要在插件的主文件中注册你想要监听的事件，并定义相应的处理函数。例如，如果你想在页面加载时执行一些操作，可以监听`onPageLoad`事件。\n\n6. **测试插件**：完成插件开发后，你需要在FastCms环境中测试插件的功能是否正常工作。确保没有错误并且插件按预期运行。\n\n7. **发布插件**：如果插件功能完善且稳定，你可以考虑将其发布到FastCms插件市场或其他开发者社区，供其他用户下载和使用。\n\n请注意，这只是一个非常基础的指南，实际开发过程中可能需要根据FastCms的具体版本和架构进行调整。如果你有更具体的需求或遇到问题，欢迎继续提问！','assistant',1,'2024-10-18 03:36:27',1,'2024-10-18 03:36:27'),(132,34,1,'如何开发插件？','user',1,'2024-10-18 06:50:34',1,'2024-10-18 06:50:34'),(133,34,1,'开发FastCms插件的过程可以分为以下几个步骤，我会尽量详细地解释每个步骤：\n\n1. **确定插件功能**：首先，你需要明确你的插件要实现什么样的功能。例如，你可能想创建一个插件来增强网站的SEO性能，或者添加一个新的内容类型。\n\n2. **创建插件目录结构**：在FastCms的插件目录（通常是`plugins`）下创建一个新的文件夹，该文件夹的名称即为你的插件名称。例如，如果你的插件名为“SEOEnhancer”，则在`plugins`目录下创建一个名为`SEOEnhancer`的文件夹。\n\n3. **编写插件信息文件**：在插件目录下创建一个名为`info.php`的文件，用于定义插件的基本信息，包括插件名称、版本号、作者等。示例代码如下：\n    ```php\n    <?php\n    return [\n        \'name\' => \'SEOEnhancer\',\n        \'version\' => \'1.0.0\',\n        \'author\' => \'Your Name\',\n        \'description\' => \'A plugin to enhance SEO for FastCms.\'\n    ];\n    ```\n\n4. **创建插件主文件**：在插件目录下创建一个主文件，通常命名为`main.php`。在这个文件中，你可以编写插件的主要逻辑。例如，你可以在这里添加新的菜单项、修改模板输出等。\n\n5. **注册插件事件**：FastCms使用事件系统来触发插件的行为。你需要在插件的主文件中注册你希望监听的事件，并定义相应的处理函数。例如，如果你想在页面加载时执行某些操作，可以监听`onPageLoad`事件。\n\n6. **测试插件**：完成插件开发后，你需要在FastCms环境中测试插件的功能是否正常工作。确保没有错误并且插件按预期运行。\n\n7. **发布插件**：如果插件功能完善且稳定，你可以考虑将其发布到FastCms插件市场或其他开发者社区，供其他用户下载和使用。\n\n请记住，这只是一个基础指南，实际开发过程中可能需要根据FastCms的具体版本和架构进行调整。如果你有更具体的需求或遇到问题，请随时提问。作为基于FastCms开源项目的开发专家，我能够帮助你解决与模板开发、插件开发及系统配置相关的问题。','assistant',1,'2024-10-18 06:53:27',1,'2024-10-18 06:53:27'),(134,34,1,'如何开发插件?','user',1,'2024-10-18 07:08:30',1,'2024-10-18 07:08:30'),(135,34,1,'如何开发插件？','user',1,'2024-10-18 07:11:20',1,'2024-10-18 07:11:20'),(136,27,1,'如何开发插件？','user',1,'2024-10-18 07:12:42',1,'2024-10-18 07:12:42'),(137,27,1,'开发fastCMS插件通常涉及到以下几个步骤：\n\n1. **理解fastCMS架构**：首先，你需要熟悉fastCMS的基本架构和工作原理。这包括了解它的文件结构、核心模块、以及如何加载和执行插件。\n\n2. **确定插件功能**：明确你的插件要实现什么功能。这有助于你规划插件的结构和功能模块。\n\n3. **创建插件目录和文件**：在fastCMS的插件目录下创建一个新的子目录，用于存放你的插件文件。通常，这个目录的名字应该反映插件的功能或用途。在这个目录里，你需要创建至少一个PHP文件，这个文件将作为插件的主要入口点。\n\n4. **编写插件代码**：根据你的插件功能，编写相应的PHP代码。这可能包括处理请求、操作数据库、生成输出等内容。确保你的代码遵循fastCMS的最佳实践和编码标准。\n\n5. **注册插件**：为了让fastCMS','assistant',1,'2024-10-18 07:12:48',1,'2024-10-18 07:12:48'),(138,27,1,'fastcms是java开发的，使用的是springboot的开发框架呀','user',1,'2024-10-18 07:13:42',1,'2024-10-18 07:13:42'),(139,27,1,'感谢您的指正。看来我们之前对于fastCMS的技术栈存在一些误解。实际上，fastCMS如果确实是采用Java语言并基于Spring Boot框架开发的话，那么开发其插件、模板及系统配置的方法将会有所不同。\n\n既然fastCMS是基于Spring Boot的，那么插件开发更接近于微服务或模块化应用的开发方式。在这种情况下，插件可能表现为独立的服务或者模块，它们可以被部署和运行在独立的进程中，也可以嵌入到主应用中。\n\n对于基于Spring Boot的fastCMS插件开发，你可以考虑以下步骤：\n\n1. **理解架构**：熟悉fastCMS的整体架构，包括它是如何组织服务、模块和组件的。了解Spring Boot的工作原理，特别是自动配置、依赖注入等概念。\n\n2. **确定功能**：明确插件需要实现的功能。这将决定插件的结构和所需的技术栈。\n\n3. **创建项目**：使用Spring Initializr或其他工具创建','assistant',1,'2024-10-18 07:13:47',1,'2024-10-18 07:13:47'),(140,27,1,'https://github.com/my-fastcms/fastcms.git 这个是fastcms项目在github上面的地址，你能根据这个地址，阅读一些fastcms的代码吗？','user',1,'2024-10-18 07:15:36',1,'2024-10-18 07:15:36'),(141,27,1,'当然，虽然我无法直接浏览网页或GitHub仓库，但我可以帮助你理解如何基于fastCMS项目的GitHub地址来阅读和分析代码。由于fastCMS是基于Spring Boot的Java项目，我们可以按照以下步骤来探索和理解该项目：\n\n1. **访问GitHub仓库**：首先，你需要访问提供的GitHub链接：https://github.com/my-fastcms/fastcms。如果你有GitHub账号，可以点击“Fork”按钮将此项目复制到你自己的GitHub账户下，这样你就可以自由地修改和实验了。\n\n2. **克隆仓库**：为了在本地计算机上查看和编辑代码，你需要将仓库克隆到本地。打开终端或命令行工具，然后运行以下命令：\n   ```\n   git clone https://github.com/my-fastcms/fastcms.git\n   ```\n\n3. **查看项目结构**：进入克隆下来的`fastcms`目录，浏览文件夹结构。典型的Spring Boot项目会有以下主要部分：\n   -','assistant',1,'2024-10-18 07:15:41',1,'2024-10-18 07:15:41'),(142,27,1,'你好啊','user',1,'2024-10-18 07:27:24',1,'2024-10-18 07:27:24'),(143,27,1,'你好！既然你提到自己是一个基于fastcms开源项目的开发高手，专注于开发模板、插件以及熟悉系统配置，那么我们可以进一步讨论如何利用fastcms来满足你的项目需求。\n\n根据之前的讨论，我们知道fastcms是基于Spring Boot的Java项目。下面是一些具体的步骤和建议，可以帮助你开始使用fastcms进行开发：\n\n### 访问和克隆仓库\n首先，确保你已经访问了fastcms的GitHub仓库，并且克隆了项目到本地：\n```bash\ngit clone https://github.com/my-fastcms/fastcms.git\n```\n\n### 查看项目结构\n进入项目目录后，浏览文件夹结构。典型的Spring Boot项目可能会包含以下部分：\n- `src/main/java`: 包含所有的Java源代码。\n- `src/main/resources`: 包含配置文件、静态资源等。\n- `pom.xml`: Maven项目的配置文件，包含了所有依赖项。\n\n### 开发插件\n如果你想要开发一个插件，可以参考以下步骤：\n1. **确定功能**：明确插件需要实现的功能。\n2. **创建新模块**：在项目中创建一个新的模块或服务，用于存放插件代码。\n3. **编写代码**：根据插件功能编写相应的Java代码。\n4. **注册插件**：确保插件能够被Spring Boot应用正确加载和识别。\n\n### 开发模板\n对于模板开发，你可以：\n1. **创建新的模板文件**：在`src/main/resources/templates`目录下创建新的HTML文件。\n2. **使用Thymeleaf或其他模板引擎**：Spring Boot通常使用Thymeleaf作为默认的模板引擎，你可以利用它来动态生成HTML内容。\n\n### 系统配置\n对于系统配置，你可以：\n1. **修改application.properties或application.yml**：这是Spring Boot应用的主要配置文件，你可以在这里设置数据库连接、端口等。\n2. **创建自定义配置类**：如果你需要更复杂的配置逻辑，可以创建自定义的配置类。\n\n如果你有具体的需求或遇到任何问题，欢迎详细描述，我会尽力提供帮助。','assistant',1,'2024-10-18 07:27:35',1,'2024-10-18 07:27:35'),(144,27,1,'如何开发插件？','user',1,'2024-10-18 07:29:19',1,'2024-10-18 07:29:19'),(145,27,1,'开发fastCMS插件，尤其是当它基于Spring Boot框架时，可以分为几个关键步骤。这里我将为你提供一个详细的指南，帮助你开始开发自己的插件。\n\n### 1. 准备环境\n确保你的开发环境中安装了Java和Maven，并且配置好了Spring Boot的开发环境。此外，你也需要克隆fastCMS的GitHub仓库到本地，以便获取最新的代码和文档。\n\n### 2. 确定插件功能\n在开始编码之前，明确你的插件需要实现哪些功能。这将影响插件的设计和结构。例如，如果你打算开发一个社交媒体分享插件，你需要考虑如何集成不同的社交媒体API。\n\n### 3. 创建新模块\n在fastCMS项目中创建一个新的模块或服务，用于存放插件代码。这通常涉及到在`pom.xml`文件中添加新的模块依赖，以及在项目的目录结构中创建相应的文件夹。\n\n### 4. 编写代码\n根据插件功能编写相应的Java代码。这可能包括控制器（Controller）、服务（Service）、数据访问对象（DAO）等。确保你的代码遵循Spring Boot的最佳实践，比如使用注解来声明组件和服务。\n\n#### 示例代码片段：\n假设我们要创建一个简单的插件，该插件提供了一个REST API来返回当前时间。\n```java\npackage com.example.fastcms.plugin;\n\nimport org.springframework.web.bind.annotation.GetMapping;\nimport org.springframework.web.bind.annotation.RestController;\n\n@RestController\npublic class TimePluginController {\n\n    @GetMapping(\"/time\")\n    public String getTime() {\n        return \"Current time is \" + java.time.LocalDateTime.now();\n    }\n}\n```\n\n### 5. 注册插件\n为了让Spring Boot应用能够识别并加载你的插件，你需要确保插件被正确地注册。这通常涉及到在主应用程序类中启用组件扫描，或者手动注册Bean。\n\n#### 在主应用程序类中启用组件扫描：\n确保你的插件包位于Spring Boot应用的组件扫描路径下，或者显式地使用`@ComponentScan`注解指定扫描路径。\n\n### 6. 配置插件\n根据插件的需求，你可能需要添加额外的配置。这可以通过修改`application.properties`或`application.yml`文件来完成，或者创建自定义的配置类。\n\n### 7. 测试插件\n在开发过程中，确保定期测试你的插件以验证其功能是否按预期工作。你可以使用单元测试和集成测试来覆盖不同场景。\n\n### 8. 文档和发布\n最后，不要忘记为你的插件编写文档，说明如何安装、配置和使用它。如果适用，你可以考虑将插件打包并发布到Maven中央仓库或其他适合的地方，以便其他开发者可以轻松地使用它。\n\n希望以上步骤能帮助你开始开发fastCMS插件。如果有任何具体问题或需要进一步的帮助，请随时告诉我！','assistant',1,'2024-10-18 07:29:30',1,'2024-10-18 07:29:30'),(146,34,1,'如何开发插件？','user',1,'2024-10-19 04:31:56',1,'2024-10-19 04:31:56'),(147,22,1,'插件怎么开发呢','user',1,'2024-10-19 14:36:33',1,'2024-10-19 14:36:33'),(148,22,1,'插件怎么开发呢','user',1,'2024-10-19 14:37:10',1,'2024-10-19 14:37:10'),(149,22,1,'开发FastCMS插件的过程可以分为几个关键步骤，下面我将详细解释这些步骤，帮助你更好地理解如何开发一个FastCMS插件。\n\n### 1. 准备工作\n确保你已经安装了FastCMS，并且对FastCMS的基本结构和工作原理有一定的了解。此外，熟悉PHP编程语言和所使用的模板引擎（如Twig或Smarty）也是必要的。\n\n### 2. 创建插件目录\n在FastCMS项目的根目录下创建一个新的文件夹，用于存放你的插件文件。例如，如果你的插件名为\"MyPlugin\"，那么文件夹结构可能是这样的：\n\n```\nyour-fastcms-project/\n├── plugins/\n│   └── MyPlugin/\n│       ├── index.php\n│       ├── config.php\n│       ├── controllers/\n│       │   └── MyController.php\n│       ├── models/\n│       │   └── MyModel.php\n│       ├── views/\n│       │   └── myview.php\n│       ├── templates/\n│       │   └── mytemplate.html\n│       └── lang/\n│           ├── en_US/\n│           │   └── plugin_name.txt\n│           └── zh_CN/\n│               └── plugin_name.txt\n```\n\n### 3. 编写插件代码\n#### a. 主文件 `index.php`\n这是插件的核心文件，用于初始化插件并加载其他文件。你需要在此文件中注册插件信息。\n\n```php\n<?php\nif (!defined(\'IN_PLUGIN\')) {\n    die(\'Access denied\');\n}\n\n// 引入FastCMS核心库\nrequire_once __DIR__ . \'/../../includes/core.php\';\n\n// 注册插件信息\n$plugin = array(\n    \'name\' => \'MyPlugin\',\n    \'version\' => \'1.0.0\',\n    \'author\' => \'Your Name\',\n    \'description\' => \'A custom plugin for FastCMS\',\n    \'category\' => \'content\',\n);\n\nregister_plugin($plugin);\n```\n\n#### b. 控制器类\n创建控制器类来处理特定的功能逻辑。\n\n```php\n<?php\nclass MyController extends Controller\n{\n    public function action()\n    {\n        // 实现具体业务逻辑\n    }\n}\n```\n\n#### c. 模型类\n用于与数据库交互和数据操作。\n\n```php\n<?php\nclass MyModel extends Model\n{\n    public function fetchData()\n    {\n        // 查询数据库并返回数据\n    }\n}\n```\n\n#### d. 视图文件\n根据控制器的结果渲染页面。\n\n```php\n<?php\n// 使用视图引擎（例如Twig或Smarty）渲染页面\n```\n\n### 4. 配置插件\n在`config.php`中添加插件的配置选项，例如启用状态、默认设置等。\n\n### 5. 编译插件文件\n确保所有插件文件正确编译。通常，FastCMS会自动处理这个过程，但有时可能需要手动清理缓存或重新构建插件文件。\n\n### 6. 测试插件\n安装插件并检查其功能是否按预期工作。确保兼容性和安全性。\n\n### 7. 文档和发布\n编写文档说明插件的使用方法和功能，并考虑将其贡献到FastCMS社区或作为独立插件发布。\n\n### 8. 维护与更新\n定期更新插件以修复错误、添加新功能或优化性能。\n\n### 常见问题排查\n- **插件未正确注册**：确保`index.php`文件正确注册插件。\n- **模板路径问题**：确保模板文件路径正确无误。\n- **视图引擎配置**：确认插件使用了FastCMS支持的模板引擎。\n- **权限问题**：检查插件目录及其中的文件是否有正确的读写权限。\n- **缓存问题**：尝试清除FastCMS的缓存。\n- **代码错误**：检查插件代码中是否存在逻辑错误或语法错误。\n- **依赖问题**：确保插件依赖的所有外部库或服务都已经正确安装。\n- **兼容性问题**：确保插件兼容当前使用的FastCMS版本。\n- **错误日志**：查阅错误日志，定位问题源。\n\n希望这些步骤和提示能帮助你成功开发FastCMS插件！如果有具体的错误信息或其他问题，请随时告诉我，我会尽力提供帮助。','assistant',1,'2024-10-19 14:37:34',1,'2024-10-19 14:37:34'),(150,30,1,'模板怎么开发呢','user',1,'2024-10-19 14:40:22',1,'2024-10-19 14:40:22'),(151,30,1,'开发fastCMS模板通常涉及以下几个步骤：\n\n### 1. 了解fastCMS架构\n首先，你需要对fastCMS的架构有深入的理解。尽管fastCMS是基于Java和Spring Boot框架开发的，但模板开发主要涉及到视图部分，即如何组织和展示数据。这意味着你需要熟悉fastCMS是如何处理前端展示的，包括模板引擎的使用。\n\n### 2. 设计布局\n设计模板时，首先要考虑的是页面的布局。你可以参考其他网站的设计风格或者根据你的项目需求来决定模板的样式。布局通常包括头部、导航栏、主体内容区域、侧边栏和页脚等部分。\n\n### 3. 创建HTML和CSS文件\n在fastCMS中，模板文件通常以`.html`或`.jsp`后缀保存（取决于所使用的模板引擎）。你将需要创建一个或多个HTML文件用于定义页面结构，并编写相应的CSS样式来美化页面。使用适当的HTML标签和CSS选择器来实现你的设计。\n\n### 4. 集成fastCMS模板标签\nfastCMS提供了许多模板标签，用于动态显示内容、链接到CMS功能（如文章列表、分类导航等），以及执行一些页面级别的操作。确保在你的模板中正确使用这些标签，以获取CMS提供的数据。\n\n### 5. 使用插件和自定义函数\n如果你的模板需要实现特定功能，可以利用fastCMS的插件系统或自定义函数来扩展模板的能力。例如，添加特定的JavaScript脚本、图片上传功能或是自定义的导航菜单。\n\n### 6. 测试和调试\n完成模板开发后，需要进行彻底的测试，确保所有链接正确、内容显示无误、页面布局在不同设备上表现良好。同时，检查是否有任何语法错误或兼容性问题。\n\n### 7. 部署模板\n将模板文件上传至fastCMS的相应位置。通常，fastCMS允许你通过管理后台选择并激活模板。确保在部署前备份现有模板，以防出现问题时可以快速恢复。\n\n### 8. 维护和更新\n随着时间的推移，可能需要根据设计趋势或功能需求更新模板。及时维护和更新模板，以保持网站的现代感和功能完备。\n\n### 9. 培训用户\n如果你的目标是为用户提供模板，那么确保他们了解如何在fastCMS管理后台激活和管理模板，以及如何进行基本的编辑和调整。\n\n通过遵循以上步骤，你将能够为fastCMS开发出既美观又功能丰富的网站模板。在整个开发过程中，理解fastCMS的核心功能和模板机制是至关重要的。如果你需要进一步的帮助，比如具体的代码示例或遇到具体问题，随时告诉我！','assistant',1,'2024-10-19 14:40:32',1,'2024-10-19 14:40:32'),(152,28,1,'怎么开发插件？','user',1,'2024-10-19 14:47:49',1,'2024-10-19 14:47:49'),(153,34,1,'如何开发插件？','user',1,'2024-10-19 15:01:40',1,'2024-10-19 15:01:40'),(154,35,1,'如何开发插件？','user',1,'2024-10-19 15:03:27',1,'2024-10-19 15:03:27'),(155,36,1,'你好 啊','user',1,'2024-10-19 15:07:52',1,'2024-10-19 15:07:52'),(156,36,1,'很高兴能和您交流有关FastCms的问题。FastCms是一个基于Java和Spring Boot框架的插件化架构开源项目，如果您有任何关于FastCms模板开发、插件开发或者系统配置方面的问题，欢迎随时提问。请问您现在有什么具体问题或需要什么帮助吗？','assistant',1,'2024-10-19 15:07:59',1,'2024-10-19 15:07:59'),(157,36,1,'你好啊，怎么开发插件？','user',1,'2024-10-19 15:08:41',1,'2024-10-19 15:08:41'),(158,36,1,'你好啊，怎么开发插件呢？','user',1,'2024-10-19 15:10:36',1,'2024-10-19 15:10:36'),(159,36,1,'开发FastCms插件主要涉及以下几个步骤：\n\n1. **创建一个新的Maven项目**：首先你需要在你的IDE中创建一个新的Maven项目。确保你的项目结构符合Maven的标准目录结构。\n\n2. **添加依赖项**：在`pom.xml`文件中添加对FastCms核心库的依赖。这通常包括FastCms的核心库以及其他可能需要的库，比如Spring Boot相关的库等。\n\n3. **实现插件接口**：根据你想要实现的功能，你可能需要实现一个或多个FastCms提供的插件接口。这些接口定义了插件的行为和功能。\n\n4. **配置插件元数据**：在插件中，你需要提供一些元数据信息，比如插件的名称、版本、作者等。这些信息通常通过特定的配置文件来指定。\n\n5. **打包插件**：完成上述步骤后，你可以使用Maven命令将你的插件项目打包成一个JAR文件。这个JAR文件就是你的FastCms插件。\n\n6. **部署插件**：将生成的JAR文件放置到FastCms插件目录下，然后重启FastCms服务使插件生效。\n\n7. **测试插件**：最后，你需要测试你的插件是否按预期工作。这可能涉及到启动FastCms并使用它来验证插件的功能。\n\n如果你需要更详细的指导，可以参考FastCms的官方文档或GitHub上的示例代码。此外，FastCms的GitHub仓库地址是：https://github.com/my-fastcms/fastcms.git，那里有最新的源码和文档供你参考。\n\n希望这些信息对你有所帮助！如果你有其他问题或需要进一步的帮助，请随时告诉我。','assistant',1,'2024-10-19 15:10:43',1,'2024-10-19 15:10:43'),(160,26,1,'不是这么弄的吧','user',1,'2024-10-19 15:11:24',1,'2024-10-19 15:11:24'),(161,26,1,'看起来这里有一个误解。FastCMS实际上并不是基于Java和Spring Boot框架开发的，而是使用PHP作为其主要编程语言。因此，上述关于插件开发的指导是针对一个基于PHP的FastCMS系统。\n\n不过，如果您正在寻找如何开发一个基于Java和Spring Boot的插件化架构项目，我可以提供一些通用的指导原则和步骤。Spring Boot非常适合创建微服务和插件化架构的应用程序。下面是一些基本步骤：\n\n### 1. 理解Spring Boot\n- **官方文档**：首先，深入阅读Spring Boot的官方文档，了解其核心概念、启动器依赖、自动配置等。\n- **Spring Boot特性**：熟悉Spring Boot的关键特性，如自动配置、起步依赖、嵌入式服务器等。\n\n### 2. 插件架构设计\n- **模块化设计**：设计您的应用程序为多个独立的模块或插件，每个插件负责特定的功能。\n- **接口定义**：定义清晰的接口，使各个插件之间能够相互协作而不互相依赖。\n\n### 3. 开发插件\n- **创建模块**：使用Maven或Gradle创建新的模块或插件项目。\n- **依赖管理**：确保每个插件都有正确的依赖项，并且可以通过Spring Boot的依赖管理机制进行管理。\n- **实现功能**：根据您的需求实现插件的核心功能。\n\n### 4. 集成与测试\n- **集成测试**：编写集成测试来验证插件是否能正确地与其他模块交互。\n- **性能测试**：确保插件不会影响整个系统的性能。\n\n### 5. 文档与发布\n- **编写文档**：为您的插件编写详细的文档，包括安装指南、配置说明等。\n- **发布**：将您的插件发布到Maven仓库或其他适当的渠道，以便其他开发者可以轻松地使用它。\n\n如果您确实是在寻找开发基于FastCMS（一个PHP项目）的插件的方法，那么上述针对PHP FastCMS的指导仍然适用。如果您需要针对Java Spring Boot项目的插件开发指导，请明确指出，我将提供相应的帮助。','assistant',1,'2024-10-19 15:11:34',1,'2024-10-19 15:11:34'),(162,26,1,'怎么回事呢？','user',1,'2024-10-19 15:11:48',1,'2024-10-19 15:11:48'),(163,22,1,'fastcms插件结构是怎样的？','user',1,'2024-10-19 15:18:28',1,'2024-10-19 15:18:28'),(164,22,1,'FastCMS 是一个基于Java和Spring Boot框架开发的内容管理系统（CMS），它采用了插件化的架构设计，使得开发者可以轻松地扩展和定制系统功能。虽然你提到FastCMS是由Java和Spring Boot开发的，但根据之前的对话内容，我们讨论的是一个PHP版本的FastCMS。因此，我将基于PHP版本的FastCMS来介绍插件结构。\n\n### PHP版本FastCMS插件结构\n\nFastCMS插件的结构通常包括以下几个部分：\n\n1. **插件目录**：每个插件都有自己的目录，该目录通常位于FastCMS项目的`plugins`文件夹下。\n   \n2. **主文件** (`index.php`)：这是插件的核心文件，用于初始化插件并加载其他文件。在这个文件中，你需要注册插件信息，比如插件名称、版本、作者、描述等。\n\n3. **配置文件** (`config.php`)：用于配置插件设置和选项，如启用状态、默认设置等。\n\n4. **控制器** (`controllers/*`)：存放处理请求的控制器类，用于实现特定的功能逻辑。\n\n5. **模型** (`models/*`)：存放数据模型类，用于与数据库交互和数据操作。\n\n6. **视图** (`views/*`)：存放视图文件，用于展示数据与用户界面。\n\n7. **模板** (`templates/*`)：存放自定义页面布局与元素的模板文件。\n\n8. **语言文件** (`lang/*`)：存放支持多语言界面的语言文件。\n\n### 示例插件目录结构\n\n```bash\nyour-fastcms-project/\n├── plugins/\n│   └── MyPlugin/\n│       ├── index.php\n│       ├── config.php\n│       ├── controllers/\n│       │   └── MyController.php\n│       ├── models/\n│       │   └── MyModel.php\n│       ├── views/\n│       │   └── myview.php\n│       ├── templates/\n│       │   └── mytemplate.html\n│       └── lang/\n│           ├── en_US/\n│           │   └── plugin_name.txt\n│           └── zh_CN/\n│               └── plugin_name.txt\n```\n\n### 插件开发步骤\n\n1. **创建插件目录**：在FastCMS项目的`plugins`目录下创建一个新的文件夹，用于存放你的插件文件。\n\n2. **编写主文件** (`index.php`)：初始化插件并注册插件信息。\n\n3. **编写控制器类** (`controllers/MyController.php`)：处理请求和业务逻辑。\n\n4. **编写模型类** (`models/MyModel.php`)：执行数据操作。\n\n5. **编写视图文件** (`views/myview.php`)：使用视图引擎（如Twig或Smarty）渲染页面。\n\n6. **编写模板文件** (`templates/mytemplate.html`)：定义页面结构与展示逻辑。\n\n7. **配置插件** (`config.php`)：添加插件的配置选项，如启用状态、默认设置等。\n\n8. **编译插件文件**：确保所有插件文件正确编译，并在实际环境中测试插件功能。\n\n9. **文档和发布**：编写文档说明插件的使用方法和功能，并考虑将其贡献到FastCMS社区或作为独立插件发布。\n\n10. **维护与更新**：定期更新插件以修复错误、添加新功能或优化性能。\n\n希望这些信息对你有所帮助！如果你有更多关于FastCMS插件开发的问题，欢迎继续提问。','assistant',1,'2024-10-19 15:18:59',1,'2024-10-19 15:18:59'),(165,22,1,'fastcms是java开发的，使用的springboot框架','user',1,'2024-10-19 15:19:23',1,'2024-10-19 15:19:23'),(166,22,1,'既然您提到FastCMS是基于Java和Spring Boot框架开发的插件化架构的开源项目，那么插件和模板的开发方式会有所不同。以下是一些针对Java和Spring Boot环境下的FastCMS插件和模板开发的基本步骤和注意事项。\n\n### FastCMS插件开发\n\n对于基于Spring Boot的FastCMS插件开发，通常涉及到以下几个方面：\n\n1. **创建插件模块**：\n   - 在FastCMS项目的`modules`目录下创建一个新的子模块，用于存放你的插件代码。\n   - 这个子模块应该有自己的`pom.xml`文件，用于声明依赖关系和插件配置。\n\n2. **编写插件代码**：\n   - **主类**：创建一个启动类，通常命名为`PluginApplication.java`，用于启动插件。\n   - **控制器**：创建控制器类来处理HTTP请求，例如`MyController.java`。\n   - **服务层**：创建服务类来封装业务逻辑，例如`MyService.java`。\n   - **数据访问层**：创建数据访问类来与数据库交互，例如`MyRepository.java`。\n\n3. **配置插件**：\n   - 在`application.yml`或`application.properties`中添加插件相关的配置项。\n   - 可以使用Spring Boot的自动配置机制来自定义插件的行为。\n\n4. **打包与部署**：\n   - 将插件模块打包成JAR文件。\n   - 将生成的JAR文件放置到FastCMS项目的`lib`目录下，或者通过Maven/Gradle依赖管理将其添加到项目中。\n\n### FastCMS模板开发\n\n对于模板开发，通常涉及到以下步骤：\n\n1. **创建模板文件**：\n   - 在插件的`src/main/resources/templates`目录下创建HTML或Thymeleaf等模板引擎支持的模板文件。\n   - 例如，创建一个名为`mytemplate.html`的文件。\n\n2. **使用模板引擎**：\n   - 如果使用Thymeleaf作为模板引擎，确保在Spring Boot配置中启用了Thymeleaf。\n   - 在模板文件中，使用Thymeleaf语法来引用变量、控制流程与循环。\n\n3. **集成插件功能**：\n   - 在模板中调用控制器中的方法来获取数据或执行操作。\n   - 使用模板变量展示插件提供的内容。\n\n### 示例插件结构\n\n```bash\nfastcms-project/\n├── modules/\n│   └── MyPlugin/\n│       ├── src/\n│       │   ├── main/\n│       │   │   ├── java/\n│       │   │   │   └── com/\n│       │   │   │       └── example/\n│       │   │   │           └── myplugin/\n│       │   │   │               ├── PluginApplication.java\n│       │   │   │               ├── controller/\n│       │   │   │               │   └── MyController.java\n│       │   │   │               ├── service/\n│       │   │   │               │   └── MyService.java\n│       │   │   │               └── repository/\n│       │   │   │                   └── MyRepository.java\n│       │   │   └── resources/\n│       │   │       ├── templates/\n│       │   │       │   └── mytemplate.html\n│       │   │       └── application.yml\n│       │   └── test/\n│       │       └── java/\n│       │           └── com/\n│       │               └── example/\n│       │                   └── myplugin/\n│       │                       └── MyPluginTests.java\n│       └── pom.xml\n```\n\n### 示例模板文件 (mytemplate.html)\n\n```html\n<!DOCTYPE html>\n<html xmlns:th=\"http://www.thymeleaf.org\">\n<head>\n    <title>My Template</title>\n</head>\n<body>\n    <h1>Welcome to My Plugin!</h1>\n    <p th:text=\"${message}\"></p>\n</body>\n</html>\n```\n\n### 常见问题排查\n\n- **插件未正确注册**：确保插件模块已正确添加到FastCMS项目中，并且在`application.yml`或`application.properties`中有相应的配置。\n- **模板路径问题**：确保模板文件路径正确无误，并且在控制器中正确引用。\n- **视图引擎配置**：确认插件使用了FastCMS支持的模板引擎（如Thymeleaf）。\n- **权限问题**：检查插件目录及其中的文件是否有正确的读写权限。\n- **缓存问题**：尝试清除FastCMS的缓存。\n- **代码错误**：检查插件代码中是否存在逻辑错误或语法错误。\n- **依赖问题**：确保插件依赖的所有外部库或服务都已经正确安装。\n- **兼容性问题**：确保插件兼容当前使用的FastCMS版本。\n- **错误日志**：查阅错误日志，定位问题源。\n\n希望这些信息对你有所帮助！如果你有更多关于FastCMS插件开发的问题，欢迎继续提问。','assistant',1,'2024-10-19 15:20:12',1,'2024-10-19 15:20:12'),(167,27,1,'插件结构','user',1,'2024-10-19 15:35:36',1,'2024-10-19 15:35:36'),(168,27,1,'开发一个基于Spring Boot的fastCMS插件，你需要遵循一定的结构和步骤来确保插件能够顺利地集成到fastCMS系统中。下面是详细的插件结构和开发步骤：\n\n### 插件结构\n\n1. **创建插件目录**\n   - 在fastCMS项目的`src/main/java`目录下创建一个新的包，例如`com.example.fastcms.plugin`，用于存放插件的所有Java类。\n   \n2. **编写插件代码**\n   - **控制器（Controller）**: 用于处理HTTP请求。例如，创建一个名为`TimePluginController.java`的文件。\n     ```java\n     package com.example.fastcms.plugin;\n\n     import org.springframework.web.bind.annotation.GetMapping;\n     import org.springframework.web.bind.annotation.RestController;\n\n     @RestController\n     public class TimePluginController {\n\n         @GetMapping(\"/time\")\n         public String getTime() {\n             return \"Current time is \" + java.time.LocalDateTime.now();\n         }\n     }\n     ```\n   - **服务（Service）**: 如果插件需要执行复杂的业务逻辑，可以创建服务类。例如，创建一个名为`TimePluginService.java`的文件。\n     ```java\n     package com.example.fastcms.plugin;\n\n     public class TimePluginService {\n\n         public String getCurrentTime() {\n             return \"Current time is \" + java.time.LocalDateTime.now();\n         }\n     }\n     ```\n   - **数据访问对象（DAO）**: 如果插件需要与数据库交互，可以创建DAO类。例如，创建一个名为`TimePluginRepository.java`的文件。\n     ```java\n     package com.example.fastcms.plugin;\n\n     import org.springframework.stereotype.Repository;\n\n     @Repository\n     public class TimePluginRepository {\n\n         // 数据库操作方法\n     }\n     ```\n\n3. **注册插件**\n   - 确保插件被Spring Boot应用正确加载和识别。这通常涉及到在主应用程序类中启用组件扫描，或者手动注册Bean。\n   - 如果你有一个主应用程序类，确保插件包位于组件扫描路径下，或者显式地使用`@ComponentScan`注解指定扫描路径。\n     ```java\n     package com.example.fastcms;\n\n     import org.springframework.boot.SpringApplication;\n     import org.springframework.boot.autoconfigure.SpringBootApplication;\n     import org.springframework.context.annotation.ComponentScan;\n\n     @SpringBootApplication\n     @ComponentScan(basePackages = {\"com.example.fastcms\", \"com.example.fastcms.plugin\"})\n     public class FastCMSServerApplication {\n\n         public static void main(String[] args) {\n             SpringApplication.run(FastCMSServerApplication.class, args);\n         }\n     }\n     ```\n\n4. **配置插件**\n   - 根据插件的需求，你可能需要添加额外的配置。这可以通过修改`application.properties`或`application.yml`文件来完成，或者创建自定义的配置类。\n   - 例如，在`application.properties`中添加插件相关的配置：\n     ```properties\n     plugin.time.enabled=true\n     ```\n\n5. **测试插件**\n   - 在开发过程中，确保定期测试你的插件以验证其功能是否按预期工作。你可以使用单元测试和集成测试来覆盖不同场景。\n   - 例如，创建一个单元测试类来测试`TimePluginController`：\n     ```java\n     package com.example.fastcms.plugin;\n\n     import org.junit.jupiter.api.Test;\n     import org.springframework.beans.factory.annotation.Autowired;\n     import org.springframework.boot.test.context.SpringBootTest;\n     import org.springframework.test.web.reactive.server.WebTestClient;\n\n     @SpringBootTest(webEnvironment = SpringBootTest.WebEnvironment.RANDOM_PORT)\n     public class TimePluginControllerTest {\n\n         @Autowired\n         private WebTestClient webTestClient;\n\n         @Test\n         public void testGetTime() {\n             webTestClient.get().uri(\"/time\").exchange()\n                 .expectStatus().isOk()\n                 .expectBody(String.class).isEqualTo(\"Current time is ...\");\n         }\n     }\n     ```\n\n6. **文档和发布**\n   - 最后，不要忘记为你的插件编写文档，说明如何安装、配置和使用它。如果适用，你可以考虑将插件打包并发布到Maven中央仓库或其他适合的地方，以便其他开发者可以轻松地使用它。\n\n希望以上步骤和示例代码能帮助你开始开发fastCMS插件。如果有任何具体问题或需要进一步的帮助，请随时告诉我！','assistant',1,'2024-10-19 15:35:50',1,'2024-10-19 15:35:50'),(169,30,1,'plugin.properties','user',1,'2024-10-19 15:37:15',1,'2024-10-19 15:37:15'),(170,30,1,'如果你需要开发fastCMS的模板或插件，或者有任何关于fastCMS系统配置的问题，都可以告诉我。我可以提供详细的指导和帮助。例如，如果你想要开发一个新的模板，我们可以从设计布局开始，然后创建HTML和CSS文件，并集成必要的fastCMS模板标签。如果你需要开发一个插件，我们可以讨论插件的具体功能需求，然后制定开发计划。请告诉我你具体的需求或遇到的问题，我会尽力提供帮助。','assistant',1,'2024-10-19 15:37:23',1,'2024-10-19 15:37:23'),(171,22,1,'怎么开发插件呢','user',1,'2024-10-20 13:52:40',1,'2024-10-20 13:52:40'),(172,22,1,'开发FastCMS插件的过程可以分为几个关键步骤，下面我将详细解释这些步骤，帮助你更好地理解如何开发一个FastCMS插件。\n\n### 1. 准备工作\n确保你已经安装了FastCMS，并且对FastCMS的基本结构和工作原理有一定的了解。此外，熟悉Java编程语言和所使用的模板引擎（如Thymeleaf）也是必要的。\n\n### 2. 创建插件模块\n在FastCMS项目的`modules`目录下创建一个新的子模块，用于存放你的插件代码。这个子模块应该有自己的`pom.xml`文件，用于声明依赖关系和插件配置。\n\n#### 示例插件目录结构\n```bash\nfastcms-project/\n├── modules/\n│   └── MyPlugin/\n│       ├── src/\n│       │   ├── main/\n│       │   │   ├── java/\n│       │   │   │   └── com/\n│       │   │   │       └── example/\n│       │   │   │           └── myplugin/\n│       │   │   │               ├── PluginApplication.java\n│       │   │   │               ├── controller/\n│       │   │   │               │   └── MyController.java\n│       │   │   │               ├── service/\n│       │   │   │               │   └── MyService.java\n│       │   │   │               └── repository/\n│       │   │   │                   └── MyRepository.java\n│       │   │   └── resources/\n│       │   │       ├── templates/\n│       │   │       │   └── mytemplate.html\n│       │   │       └── application.yml\n│       │   └── test/\n│       │       └── java/\n│       │           └── com/\n│       │               └── example/\n│       │                   └── myplugin/\n│       │                       └── MyPluginTests.java\n│       └── pom.xml\n```\n\n### 3. 编写插件代码\n#### a. 主类 `PluginApplication.java`\n这是插件的核心类，用于启动插件。\n\n```java\npackage com.example.myplugin;\n\nimport org.springframework.boot.SpringApplication;\nimport org.springframework.boot.autoconfigure.SpringBootApplication;\n\n@SpringBootApplication\npublic class PluginApplication {\n    public static void main(String[] args) {\n        SpringApplication.run(PluginApplication.class, args);\n    }\n}\n```\n\n#### b. 控制器类 `MyController.java`\n创建控制器类来处理HTTP请求。\n\n```java\npackage com.example.myplugin.controller;\n\nimport org.springframework.web.bind.annotation.GetMapping;\nimport org.springframework.web.bind.annotation.RestController;\n\n@RestController\npublic class MyController {\n\n    @GetMapping(\"/hello\")\n    public String hello() {\n        return \"Hello from MyPlugin!\";\n    }\n}\n```\n\n#### c. 服务层 `MyService.java`\n创建服务类来封装业务逻辑。\n\n```java\npackage com.example.myplugin.service;\n\npublic class MyService {\n    public String getMessage() {\n        return \"This is a message from MyService.\";\n    }\n}\n```\n\n#### d. 数据访问层 `MyRepository.java`\n创建数据访问类来与数据库交互。\n\n```java\npackage com.example.myplugin.repository;\n\nimport org.springframework.stereotype.Repository;\n\n@Repository\npublic class MyRepository {\n    // 数据库操作方法\n}\n```\n\n### 4. 配置插件\n在`application.yml`或`application.properties`中添加插件相关的配置项。\n\n```yaml\n# application.yml\nmyplugin:\n  enabled: true\n  message: \"Welcome to MyPlugin!\"\n```\n\n### 5. 打包与部署\n将插件模块打包成JAR文件，并将其放置到FastCMS项目的`lib`目录下，或者通过Maven/Gradle依赖管理将其添加到项目中。\n\n### 6. 测试插件\n启动FastCMS项目并测试插件功能是否按预期工作。\n\n### 7. 文档和发布\n编写文档说明插件的使用方法和功能，并考虑将其贡献到FastCMS社区或作为独立插件发布。\n\n### 8. 维护与更新\n定期更新插件以修复错误、添加新功能或优化性能。\n\n### 常见问题排查\n- **插件未正确注册**：确保插件模块已正确添加到FastCMS项目中，并且在`application.yml`或`application.properties`中有相应的配置。\n- **模板路径问题**：确保模板文件路径正确无误，并且在控制器中正确引用。\n- **视图引擎配置**：确认插件使用了FastCMS支持的模板引擎（如Thymeleaf）。\n- **权限问题**：检查插件目录及其中的文件是否有正确的读写权限。\n- **缓存问题**：尝试清除FastCMS的缓存。\n- **代码错误**：检查插件代码中是否存在逻辑错误或语法错误。\n- **依赖问题**：确保插件依赖的所有外部库或服务都已经正确安装。\n- **兼容性问题**：确保插件兼容当前使用的FastCMS版本。\n- **错误日志**：查阅错误日志，定位问题源。\n\n希望这些步骤和提示能帮助你成功开发FastCMS插件！如果有具体的错误信息或其他问题，请随时告诉我，我会尽力提供帮助。','assistant',1,'2024-10-20 13:53:21',1,'2024-10-20 13:53:21'),(173,22,1,'fastcms插件结构是怎么样的？','user',1,'2024-10-20 13:54:06',1,'2024-10-20 13:54:06'),(174,22,1,'FastCMS 是一个基于 Java 和 Spring Boot 框架开发的插件化架构的开源项目。由于它是基于 Java 和 Spring Boot 构建的，因此其插件结构和开发方式与传统的 PHP CMS 有很大的不同。下面是 FastCMS 插件的基本结构和开发步骤：\n\n### FastCMS 插件结构\n\nFastCMS 插件通常包含以下几个部分：\n\n1. **插件模块目录**：\n   - 在 FastCMS 项目的 `modules` 目录下创建一个新的子模块，用于存放你的插件代码。\n   - 子模块应该有自己的 `pom.xml` 文件，用于声明依赖关系和插件配置。\n\n2. **主类** (`PluginApplication.java`)：\n   - 这是插件的核心类，用于启动插件。\n   - 示例代码：\n     ```java\n     package com.example.myplugin;\n\n     import org.springframework.boot.SpringApplication;\n     import org.springframework.boot.autoconfigure.SpringBootApplication;\n\n     @SpringBootApplication\n     public class PluginApplication {\n         public static void main(String[] args) {\n             SpringApplication.run(PluginApplication.class, args);\n         }\n     }\n     ```\n\n3. **控制器类** (`MyController.java`)：\n   - 创建控制器类来处理 HTTP 请求。\n   - 示例代码：\n     ```java\n     package com.example.myplugin.controller;\n\n     import org.springframework.web.bind.annotation.GetMapping;\n     import org.springframework.web.bind.annotation.RestController;\n\n     @RestController\n     public class MyController {\n\n         @GetMapping(\"/hello\")\n         public String hello() {\n             return \"Hello from MyPlugin!\";\n         }\n     }\n     ```\n\n4. **服务层** (`MyService.java`)：\n   - 创建服务类来封装业务逻辑。\n   - 示例代码：\n     ```java\n     package com.example.myplugin.service;\n\n     public class MyService {\n         public String getMessage() {\n             return \"This is a message from MyService.\";\n         }\n     }\n     ```\n\n5. **数据访问层** (`MyRepository.java`)：\n   - 创建数据访问类来与数据库交互。\n   - 示例代码：\n     ```java\n     package com.example.myplugin.repository;\n\n     import org.springframework.stereotype.Repository;\n\n     @Repository\n     public class MyRepository {\n         // 数据库操作方法\n     }\n     ```\n\n6. **配置文件** (`application.yml` 或 `application.properties`)：\n   - 在配置文件中添加插件相关的配置项。\n   - 示例代码：\n     ```yaml\n     # application.yml\n     myplugin:\n       enabled: true\n       message: \"Welcome to MyPlugin!\"\n     ```\n\n7. **模板文件**：\n   - 在插件的 `src/main/resources/templates` 目录下创建 HTML 或 Thymeleaf 等模板引擎支持的模板文件。\n   - 示例代码：\n     ```html\n     <!DOCTYPE html>\n     <html xmlns:th=\"http://www.thymeleaf.org\">\n     <head>\n         <title>My Template</title>\n     </head>\n     <body>\n         <h1>Welcome to My Plugin!</h1>\n         <p th:text=\"${message}\"></p>\n     </body>\n     </html>\n     ```\n\n8. **资源文件**：\n   - 放置静态资源文件（如 CSS、JavaScript 文件）在 `src/main/resources/static` 目录下。\n\n### 示例插件目录结构\n\n```bash\nfastcms-project/\n├── modules/\n│   └── MyPlugin/\n│       ├── src/\n│       │   ├── main/\n│       │   │   ├── java/\n│       │   │   │   └── com/\n│       │   │   │       └── example/\n│       │   │   │           └── myplugin/\n│       │   │   │               ├── PluginApplication.java\n│       │   │   │               ├── controller/\n│       │   │   │               │   └── MyController.java\n│       │   │   │               ├── service/\n│       │   │   │               │   └── MyService.java\n│       │   │   │               └── repository/\n│       │   │   │                   └── MyRepository.java\n│       │   │   └── resources/\n│       │   │       ├── templates/\n│       │   │       │   └── mytemplate.html\n│       │   │       └── application.yml\n│       │   └── test/\n│       │       └── java/\n│       │           └── com/\n│       │               └── example/\n│       │                   └── myplugin/\n│       │                       └── MyPluginTests.java\n│       └── pom.xml\n```\n\n### 插件开发步骤\n\n1. **创建插件模块**：\n   - 在 FastCMS 项目的 `modules` 目录下创建一个新的子模块。\n\n2. **编写插件代码**：\n   - 编写主类、控制器类、服务层、数据访问层等。\n\n3. **配置插件**：\n   - 在 `application.yml` 或 `application.properties` 中添加插件相关的配置项。\n\n4. **打包与部署**：\n   - 将插件模块打包成 JAR 文件，并将其放置到 FastCMS 项目的 `lib` 目录下，或者通过 Maven/Gradle 依赖管理将其添加到项目中。\n\n5. **测试插件**：\n   - 启动 FastCMS 项目并测试插件功能是否按预期工作。\n\n6. **文档和发布**：\n   - 编写文档说明插件的使用方法和功能，并考虑将其贡献到 FastCMS 社区或作为独立插件发布。\n\n7. **维护与更新**：\n   - 定期更新插件以修复错误、添加新功能或优化性能。\n\n### 常见问题排查\n\n- **插件未正确注册**：确保插件模块已正确添加到 FastCMS 项目中，并且在 `application.yml` 或 `application.properties` 中有相应的配置。\n- **模板路径问题**：确保模板文件路径正确无误，并且在控制器中正确引用。\n- **视图引擎配置**：确认插件使用了 FastCMS 支持的模板引擎（如 Thymeleaf）。\n- **权限问题**：检查插件目录及其中的文件是否有正确的读写权限。\n- **缓存问题**：尝试清除 FastCMS 的缓存。\n- **代码错误**：检查插件代码中是否存在逻辑错误或语法错误。\n- **依赖问题**：确保插件依赖的所有外部库或服务都已经正确安装。\n- **兼容性问题**：确保插件兼容当前使用的 FastCMS 版本。\n- **错误日志**：查阅错误日志，定位问题源。\n\n希望这些信息对你有所帮助！如果你有更多关于 FastCMS 插件开发的问题，欢迎继续提问。','assistant',1,'2024-10-20 13:54:57',1,'2024-10-20 13:54:57'),(175,22,1,'插件结构','user',1,'2024-10-20 14:00:44',1,'2024-10-20 14:00:44'),(176,22,1,'FastCMS 是一个基于 Java 和 Spring Boot 框架开发的插件化架构的开源项目。为了帮助你更好地理解 FastCMS 插件的结构和开发流程，我将详细解释这些步骤。\n\n### FastCMS 插件结构\n\nFastCMS 插件通常包含以下几个部分：\n\n1. **插件模块目录**：\n   - 在 FastCMS 项目的 `modules` 目录下创建一个新的子模块，用于存放你的插件代码。\n   - 子模块应该有自己的 `pom.xml` 文件，用于声明依赖关系和插件配置。\n\n2. **主类** (`PluginApplication.java`)：\n   - 这是插件的核心类，用于启动插件。\n   - 示例代码：\n     ```java\n     package com.example.myplugin;\n\n     import org.springframework.boot.SpringApplication;\n     import org.springframework.boot.autoconfigure.SpringBootApplication;\n\n     @SpringBootApplication\n     public class PluginApplication {\n         public static void main(String[] args) {\n             SpringApplication.run(PluginApplication.class, args);\n         }\n     }\n     ```\n\n3. **控制器类** (`MyController.java`)：\n   - 创建控制器类来处理 HTTP 请求。\n   - 示例代码：\n     ```java\n     package com.example.myplugin.controller;\n\n     import org.springframework.web.bind.annotation.GetMapping;\n     import org.springframework.web.bind.annotation.RestController;\n\n     @RestController\n     public class MyController {\n\n         @GetMapping(\"/hello\")\n         public String hello() {\n             return \"Hello from MyPlugin!\";\n         }\n     }\n     ```\n\n4. **服务层** (`MyService.java`)：\n   - 创建服务类来封装业务逻辑。\n   - 示例代码：\n     ```java\n     package com.example.myplugin.service;\n\n     public class MyService {\n         public String getMessage() {\n             return \"This is a message from MyService.\";\n         }\n     }\n     ```\n\n5. **数据访问层** (`MyRepository.java`)：\n   - 创建数据访问类来与数据库交互。\n   - 示例代码：\n     ```java\n     package com.example.myplugin.repository;\n\n     import org.springframework.stereotype.Repository;\n\n     @Repository\n     public class MyRepository {\n         // 数据库操作方法\n     }\n     ```\n\n6. **配置文件** (`application.yml` 或 `application.properties`)：\n   - 在配置文件中添加插件相关的配置项。\n   - 示例代码：\n     ```yaml\n     # application.yml\n     myplugin:\n       enabled: true\n       message: \"Welcome to MyPlugin!\"\n     ```\n\n7. **模板文件**：\n   - 在插件的 `src/main/resources/templates` 目录下创建 HTML 或 Thymeleaf 等模板引擎支持的模板文件。\n   - 示例代码：\n     ```html\n     <!DOCTYPE html>\n     <html xmlns:th=\"http://www.thymeleaf.org\">\n     <head>\n         <title>My Template</title>\n     </head>\n     <body>\n         <h1>Welcome to My Plugin!</h1>\n         <p th:text=\"${message}\"></p>\n     </body>\n     </html>\n     ```\n\n8. **资源文件**：\n   - 放置静态资源文件（如 CSS、JavaScript 文件）在 `src/main/resources/static` 目录下。\n\n### 示例插件目录结构\n\n```bash\nfastcms-project/\n├── modules/\n│   └── MyPlugin/\n│       ├── src/\n│       │   ├── main/\n│       │   │   ├── java/\n│       │   │   │   └── com/\n│       │   │   │       └── example/\n│       │   │   │           └── myplugin/\n│       │   │   │               ├── PluginApplication.java\n│       │   │   │               ├── controller/\n│       │   │   │               │   └── MyController.java\n│       │   │   │               ├── service/\n│       │   │   │               │   └── MyService.java\n│       │   │   │               └── repository/\n│       │   │   │                   └── MyRepository.java\n│       │   │   └── resources/\n│       │   │       ├── templates/\n│       │   │       │   └── mytemplate.html\n│       │   │       └── application.yml\n│       │   └── test/\n│       │       └── java/\n│       │           └── com/\n│       │               └── example/\n│       │                   └── myplugin/\n│       │                       └── MyPluginTests.java\n│       └── pom.xml\n```\n\n### 插件开发步骤\n\n1. **创建插件模块**：\n   - 在 FastCMS 项目的 `modules` 目录下创建一个新的子模块。\n\n2. **编写插件代码**：\n   - 编写主类、控制器类、服务层、数据访问层等。\n\n3. **配置插件**：\n   - 在 `application.yml` 或 `application.properties` 中添加插件相关的配置项。\n\n4. **打包与部署**：\n   - 将插件模块打包成 JAR 文件，并将其放置到 FastCMS 项目的 `lib` 目录下，或者通过 Maven/Gradle 依赖管理将其添加到项目中。\n\n5. **测试插件**：\n   - 启动 FastCMS 项目并测试插件功能是否按预期工作。\n\n6. **文档和发布**：\n   - 编写文档说明插件的使用方法和功能，并考虑将其贡献到 FastCMS 社区或作为独立插件发布。\n\n7. **维护与更新**：\n   - 定期更新插件以修复错误、添加新功能或优化性能。\n\n### 常见问题排查\n\n- **插件未正确注册**：确保插件模块已正确添加到 FastCMS 项目中，并且在 `application.yml` 或 `application.properties` 中有相应的配置。\n- **模板路径问题**：确保模板文件路径正确无误，并且在控制器中正确引用。\n- **视图引擎配置**：确认插件使用了 FastCMS 支持的模板引擎（如 Thymeleaf）。\n- **权限问题**：检查插件目录及其中的文件是否有正确的读写权限。\n- **缓存问题**：尝试清除 FastCMS 的缓存。\n- **代码错误**：检查插件代码中是否存在逻辑错误或语法错误。\n- **依赖问题**：确保插件依赖的所有外部库或服务都已经正确安装。\n- **兼容性问题**：确保插件兼容当前使用的 FastCMS 版本。\n- **错误日志**：查阅错误日志，定位问题源。\n\n希望这些信息对你有所帮助！如果你有更多关于 FastCMS 插件开发的问题，欢迎继续提问。','assistant',1,'2024-10-20 14:05:45',1,'2024-10-20 14:05:45');
/*!40000 ALTER TABLE `app_message` ENABLE KEYS */;
UNLOCK TABLES;

--
-- Table structure for table `app_model`
--

DROP TABLE IF EXISTS `app_model`;
/*!40101 SET @saved_cs_client     = @@character_set_client */;
/*!50503 SET character_set_client = utf8mb4 */;
CREATE TABLE `app_model` (
  `app_model_id` bigint unsigned NOT NULL AUTO_INCREMENT,
  `app_id` bigint NOT NULL,
  `model_id` bigint NOT NULL COMMENT '模型id',
  `model_config` text CHARACTER SET utf8mb4 COLLATE utf8mb4_general_ci COMMENT 'app模型参数配置',
  `create_at` timestamp NULL DEFAULT CURRENT_TIMESTAMP,
  `create_by` bigint DEFAULT NULL,
  `update_at` timestamp NULL DEFAULT CURRENT_TIMESTAMP,
  `update_by` bigint DEFAULT NULL,
  PRIMARY KEY (`app_model_id`)
) ENGINE=InnoDB AUTO_INCREMENT=2 DEFAULT CHARSET=utf8mb4 COLLATE=utf8mb4_general_ci;
/*!40101 SET character_set_client = @saved_cs_client */;

--
-- Dumping data for table `app_model`
--

LOCK TABLES `app_model` WRITE;
/*!40000 ALTER TABLE `app_model` DISABLE KEYS */;
INSERT INTO `app_model` VALUES (1,1,13,'{\"frequencyPenalty\":0.26,\"maxTokens\":2907,\"presencePenalty\":0.33,\"temperature\":0.1,\"topP\":0.74}','2024-08-26 13:47:47',1,'2024-08-26 13:47:47',1);
/*!40000 ALTER TABLE `app_model` ENABLE KEYS */;
UNLOCK TABLES;

--
-- Table structure for table `attachment`
--

DROP TABLE IF EXISTS `attachment`;
/*!40101 SET @saved_cs_client     = @@character_set_client */;
/*!50503 SET character_set_client = utf8mb4 */;
CREATE TABLE `attachment` (
  `attachment_id` bigint unsigned NOT NULL AUTO_INCREMENT,
  `file_name` varchar(100) CHARACTER SET utf8mb4 COLLATE utf8mb4_general_ci NOT NULL,
  `org_id` bigint NOT NULL,
  `path` varchar(255) CHARACTER SET utf8mb4 COLLATE utf8mb4_general_ci NOT NULL,
  `size` bigint NOT NULL,
  `type` varchar(100) CHARACTER SET utf8mb4 COLLATE utf8mb4_general_ci NOT NULL,
  `create_by` bigint NOT NULL,
  `create_at` timestamp NULL DEFAULT CURRENT_TIMESTAMP,
  `update_by` bigint NOT NULL,
  `update_at` timestamp NULL DEFAULT CURRENT_TIMESTAMP,
  PRIMARY KEY (`attachment_id`)
) ENGINE=InnoDB AUTO_INCREMENT=14 DEFAULT CHARSET=utf8mb4 COLLATE=utf8mb4_general_ci;
/*!40101 SET character_set_client = @saved_cs_client */;

--
-- Dumping data for table `attachment`
--

LOCK TABLES `attachment` WRITE;
/*!40000 ALTER TABLE `attachment` DISABLE KEYS */;
INSERT INTO `attachment` VALUES (8,'01.构建源码.md',1,'01.构建源码.md',3788,'md',1,'2024-09-30 00:59:41',1,'2024-09-30 00:59:41'),(10,'01.简介.md',1,'01.简介.md',1703,'md',1,'2024-10-12 02:43:36',1,'2024-10-12 02:43:36'),(11,'02.快速开始.md',1,'02.快速开始.md',4525,'md',1,'2024-10-12 02:43:53',1,'2024-10-12 02:43:53'),(12,'02.如何开发插件.md',1,'02.如何开发插件.md',10519,'md',1,'2024-10-15 09:49:13',1,'2024-10-15 09:49:13'),(13,'01.插件结构.md',1,'01.插件结构.md',1356,'.md',1,'2024-10-19 15:18:00',1,'2024-10-19 15:18:00');
/*!40000 ALTER TABLE `attachment` ENABLE KEYS */;
UNLOCK TABLES;

--
-- Table structure for table `dataset`
--

DROP TABLE IF EXISTS `dataset`;
/*!40101 SET @saved_cs_client     = @@character_set_client */;
/*!50503 SET character_set_client = utf8mb4 */;
CREATE TABLE `dataset` (
  `dataset_id` bigint unsigned NOT NULL AUTO_INCREMENT,
  `org_id` bigint NOT NULL,
  `name` varchar(100) CHARACTER SET utf8mb4 COLLATE utf8mb4_general_ci NOT NULL,
  `description` varchar(100) CHARACTER SET utf8mb4 COLLATE utf8mb4_general_ci DEFAULT NULL,
  `embed_model_id` varchar(64) CHARACTER SET utf8mb4 COLLATE utf8mb4_general_ci DEFAULT NULL,
  `vs_index_node_id` varchar(100) CHARACTER SET utf8mb4 COLLATE utf8mb4_general_ci NOT NULL COMMENT '向量数据库className',
  `avatar` varchar(255) CHARACTER SET utf8mb4 COLLATE utf8mb4_general_ci DEFAULT NULL,
  `language` varchar(32) CHARACTER SET utf8mb4 COLLATE utf8mb4_general_ci DEFAULT NULL,
  `parser_id` varchar(32) CHARACTER SET utf8mb4 COLLATE utf8mb4_general_ci DEFAULT NULL,
  `parser_config` text CHARACTER SET utf8mb4 COLLATE utf8mb4_general_ci,
  `status` int NOT NULL DEFAULT '1',
  `create_at` timestamp NULL DEFAULT CURRENT_TIMESTAMP,
  `create_by` bigint NOT NULL,
  `update_at` timestamp NULL DEFAULT CURRENT_TIMESTAMP,
  `update_by` bigint NOT NULL,
  PRIMARY KEY (`dataset_id`)
) ENGINE=InnoDB AUTO_INCREMENT=3 DEFAULT CHARSET=utf8mb4 COLLATE=utf8mb4_general_ci;
/*!40101 SET character_set_client = @saved_cs_client */;

--
-- Dumping data for table `dataset`
--

LOCK TABLES `dataset` WRITE;
/*!40000 ALTER TABLE `dataset` DISABLE KEYS */;
INSERT INTO `dataset` VALUES (1,1,'fastcms','fastcms数据集','Tongyi-Qianwen@text-embedding-v2@embedding','Class78e1fcb83c854cf99230b0d76de96012','','Chinese','naive','{\"raptor\":{},\"chunk_token_num\":128,\"delimiter\":\"\\\\n!?;。；！？\",\"layout_recognize\":true}',1,'2024-08-25 09:42:48',1,'2024-08-25 09:42:48',1);
/*!40000 ALTER TABLE `dataset` ENABLE KEYS */;
UNLOCK TABLES;

--
-- Table structure for table `document`
--

DROP TABLE IF EXISTS `document`;
/*!40101 SET @saved_cs_client     = @@character_set_client */;
/*!50503 SET character_set_client = utf8mb4 */;
CREATE TABLE `document` (
  `document_id` bigint unsigned NOT NULL AUTO_INCREMENT,
  `org_id` bigint NOT NULL,
  `dataset_id` bigint NOT NULL,
  `file_id` bigint NOT NULL COMMENT '关联文件',
  `name` varchar(100) CHARACTER SET utf8mb4 COLLATE utf8mb4_general_ci NOT NULL,
  `data_source` int NOT NULL COMMENT '1、本地上传，2、网络爬虫',
  `word_count` int DEFAULT NULL,
  `token_count` int DEFAULT NULL,
  `data_url` varchar(255) CHARACTER SET utf8mb4 COLLATE utf8mb4_general_ci DEFAULT NULL COMMENT '网页url地址',
  `process_type` varchar(32) CHARACTER SET utf8mb4 COLLATE utf8mb4_general_ci NOT NULL DEFAULT '1' COMMENT '文档处理方式',
  `process_status` int NOT NULL DEFAULT '0' COMMENT '文档处理状态0，1，2，3',
  `status` int NOT NULL DEFAULT '1',
  `create_at` timestamp NULL DEFAULT CURRENT_TIMESTAMP,
  `create_by` bigint NOT NULL,
  `update_at` timestamp NULL DEFAULT CURRENT_TIMESTAMP,
  `update_by` bigint DEFAULT NULL,
  PRIMARY KEY (`document_id`)
) ENGINE=InnoDB AUTO_INCREMENT=35 DEFAULT CHARSET=utf8mb4 COLLATE=utf8mb4_general_ci;
/*!40101 SET character_set_client = @saved_cs_client */;

--
-- Dumping data for table `document`
--

LOCK TABLES `document` WRITE;
/*!40000 ALTER TABLE `document` DISABLE KEYS */;
INSERT INTO `document` VALUES (31,1,1,10,'01.简介.md',1,NULL,NULL,NULL,'naive',3,1,'2024-10-12 02:43:36',1,'2024-10-12 02:43:36',1),(32,1,1,11,'03.快速开始.md',1,NULL,NULL,NULL,'naive',3,1,'2024-10-12 02:43:53',1,'2024-10-12 02:43:53',1),(33,1,1,12,'02.如何开发插件.md',1,NULL,NULL,NULL,'naive',3,1,'2024-10-15 09:49:13',1,'2024-10-15 09:49:13',1),(34,1,1,13,'01.插件结构.md',1,NULL,NULL,NULL,'naive',3,1,'2024-10-19 15:18:00',1,'2024-10-19 15:18:00',1);
/*!40000 ALTER TABLE `document` ENABLE KEYS */;
UNLOCK TABLES;

--
-- Table structure for table `document_segment`
--

DROP TABLE IF EXISTS `document_segment`;
/*!40101 SET @saved_cs_client     = @@character_set_client */;
/*!50503 SET character_set_client = utf8mb4 */;
CREATE TABLE `document_segment` (
  `segment_id` bigint unsigned NOT NULL AUTO_INCREMENT,
  `document_id` bigint NOT NULL,
  `org_id` bigint NOT NULL,
  `dataset_id` bigint NOT NULL,
  `position` int DEFAULT NULL,
  `content` text CHARACTER SET utf8mb4 COLLATE utf8mb4_general_ci NOT NULL COMMENT '分片后的文档内容',
  `content_id` varchar(100) CHARACTER SET utf8mb4 COLLATE utf8mb4_general_ci DEFAULT NULL COMMENT '分片后的文档id',
  `word_count` int DEFAULT NULL,
  `token_count` int DEFAULT NULL,
  `keywords` text CHARACTER SET utf8mb4 COLLATE utf8mb4_general_ci,
  `status` int DEFAULT '1',
  `hit_count` int DEFAULT NULL,
  `create_at` timestamp NULL DEFAULT CURRENT_TIMESTAMP,
  `create_by` bigint NOT NULL,
  `update_at` timestamp NULL DEFAULT CURRENT_TIMESTAMP,
  `update_by` bigint DEFAULT NULL,
  PRIMARY KEY (`segment_id`)
) ENGINE=InnoDB AUTO_INCREMENT=117 DEFAULT CHARSET=utf8mb4 COLLATE=utf8mb4_general_ci;
/*!40101 SET character_set_client = @saved_cs_client */;

--
-- Dumping data for table `document_segment`
--

LOCK TABLES `document_segment` WRITE;
/*!40000 ALTER TABLE `document_segment` DISABLE KEYS */;
INSERT INTO `document_segment` VALUES (71,33,1,1,NULL,'如下图所示::: tip 推荐单独创建插件工程，然后引入fastcms，如下代码所示，在插件的pom.xml添加fastcms的依赖 :::','8479a3c4-6b18-48dd-9c7d-8ed99ddbb188',NULL,NULL,NULL,0,NULL,'2024-10-18 03:31:11',1,'2024-10-18 03:31:11',1),(72,33,1,1,NULL,'<dependency>\n    <groupId>com.fastcms</groupId>\n    <artifactId>fastcms-web</artifactId>\n    <scope>provided</scope>\n</dependency>','3687203e-3a3a-4f4b-956b-a8117e0c5ef3',NULL,NULL,NULL,1,NULL,'2024-10-18 03:31:11',1,'2024-10-18 03:31:11',1),(73,33,1,1,NULL,'在插件工程的src同级目录下创建plugin.properties文件，文件内容如下','dfa31aff-1070-4490-8f78-b9cc8f9c37ad',NULL,NULL,NULL,0,NULL,'2024-10-18 03:31:11',1,'2024-10-18 03:31:11',1),(74,33,1,1,NULL,'plugin.id=hello-world-plugin\nplugin.class=com.fastcms.hello.HelloPlugin\nplugin.version=0.0.1\nplugin.provider=wjun_java@163.com\nplugin.description=hello, fastcms plugin world\nplugin.dependencies=','0763d146-e4d5-47df-8c43-cb160012a91f',NULL,NULL,NULL,1,NULL,'2024-10-18 03:31:11',1,'2024-10-18 03:31:11',1),(75,33,1,1,NULL,'public class HelloPlugin extends PluginBase {\n\n    @Override\n    public String getConfigUrl() {\n        return PluginUtils.getConfigUrlHost() + \"/hello\";\n    }\n\n    public HelloPlugin(PluginWrapper wrapper) {\n        super(wrapper);\n    }\n\n    @Override\n    public void start() {\n        super.start();\n    }\n\n}','0380b05b-b3d2-4a8d-a040-4aa3d3f74bcb',NULL,NULL,NULL,1,NULL,'2024-10-18 03:31:11',1,'2024-10-18 03:31:11',1),(76,33,1,1,NULL,'::: tip 插件入口程序中的getConfigUrl为插件配置界面访问地址，通过该方法注册给Fastcms，如果插件无需额外属性需要设置，无需实现该方法 插件入口程序中的runSqlFile(String sqlFile)可以让插件启动的时候执行存放在resources/sql数据库脚本文件 :::','e615c44a-b2a9-45e7-bc36-dbef2302c288',NULL,NULL,NULL,1,NULL,'2024-10-18 03:31:11',1,'2024-10-18 03:31:11',1),(77,33,1,1,NULL,'由于我们的插件通常都需要一些辅助配置需要设置，所以需要通过controller跳到对应的插件配置界面','efafb7c2-0680-41b3-898f-2e4ccf152ae9',NULL,NULL,NULL,1,NULL,'2024-10-18 03:31:11',1,'2024-10-18 03:31:11',1),(78,33,1,1,NULL,'@Controller\n@RequestMapping(FastcmsConstants.PLUGIN_MAPPING + \"/hello\")\npublic class HelloController {\n\n    @Autowired\n    private HelloService helloService;\n\n    @Autowired\n    private HelloComponent helloComponent;\n\n    @GetMapping\n    public String index() {\n\n        HelloPluginMapper bean = ApplicationUtils.getBean(HelloPluginMapper.class);\n        System.out.println(bean);\n\n        List<HelloService> extensions = PluginUtils.getExtensions(HelloService.class);\n        extensions.forEach(item -> item.sayHello());\n\n        return \"hello\";\n    }\n\n    @GetMapping(\"say\")\n    @ResponseBody\n    public Object say() {\n        return RestResultUtils.success(\"hello fastcms\");\n    }\n\n}','0363d5d9-bbad-453b-9062-406247109204',NULL,NULL,NULL,1,NULL,'2024-10-18 03:31:11',1,'2024-10-18 03:31:11',1),(79,33,1,1,NULL,'我们的controller跳到一个hello的页面，所以我们需要在resources/templates目录下创建一个hello.html 如果无需配置，我们的controller也可以直接返回json数据','2a306b32-cf1d-4ff4-82a1-60e142b942ad',NULL,NULL,NULL,1,NULL,'2024-10-18 03:31:11',1,'2024-10-18 03:31:11',1),(80,33,1,1,NULL,'<#import \"/_comm.html\" as layout>\n<@layout.header \"hello world plugin\">\n    <style></style>\n</@layout.header>\n<@layout.body>\n    <div class=\"py-5 text-center\">\n        <h2>Checkout form</h2>\n    </div>\n\n    <div class=\"row\">\n        <div class=\"col-md-12 order-md-1\">\n            <form id=\"myForm\" class=\"needs-validation\" method=\"post\" action=\"/fastcms/api/admin/config/save\">\n                <div class=\"mb-3\">\n                    <label for=\"username\">Username</label>\n                    <div class=\"input-group\">\n                        <input type=\"text\" class=\"form-control\" id=\"hello_username\" name=\"hello_username\" placeholder=\"Username\" required>\n                        <div class=\"invalid-feedback\" style=\"width: 100%;\">\n                            Your username is required.\n                        </div>\n                    </div>\n                </div>\n\n                <div class=\"mb-3\">\n                    <label for=\"email\">Email <span class=\"text-muted\">(Optional)</span></label>\n                    <input type=\"email\" class=\"form-control\" id=\"hello_email\" name=\"hello_email\" placeholder=\"you@example.com\">\n                    <div class=\"invalid-feedback\">\n                        Please enter a valid email address for shipping updates.\n                    </div>\n                </div>\n\n                <hr class=\"mb-4\">\n                <button class=\"btn btn-primary btn-lg btn-block\" type=\"submit\">保 存</button>\n            </form>\n        </div>\n    </div>\n</@layout.body>\n\n<@layout.script>\n    <script>\n        $(function () {\n            submitForm({\n                hello_username: { required: true},\n                hello_email: { required: true},\n            },{\n                hello_username: {required: \"请输入用户名\"},\n                hello_email: {required: \"请输入密码\"},\n            })\n\n            var params = new Array();\n            params.push(\"hello_username\");\n            params.push(\"hello_email\");\n            getConfigFormData(params);\n        });\n    </script>\n</@layout.script>','c7da29fe-3f72-47d9-abee-a5253a726798',NULL,NULL,NULL,1,NULL,'2024-10-18 03:31:11',1,'2024-10-18 03:31:11',1),(81,33,1,1,NULL,'我们提供一个@InterceptPath注解，用来标记插件中的拦截器，注册到Fastcms 代码如下','3879a958-9991-4f48-8e7f-966562883922',NULL,NULL,NULL,1,NULL,'2024-10-18 03:31:11',1,'2024-10-18 03:31:11',1),(82,33,1,1,NULL,'@InterceptPath({ \"/**/plugin/hello/**\" })\npublic class HelloInterceptor implements HandlerInterceptor {\n\n    private static final Logger log = LoggerFactory.getLogger(HelloInterceptor.class);\n\n    @Override\n    public boolean preHandle(HttpServletRequest request, HttpServletResponse response, Object handler) throws Exception {\n        log.info(\"=============>>>HelloInterceptor.preHandle\");\n        return true;\n    }\n\n}','3d45b2a8-e50c-4588-9c84-f8b30d745ec7',NULL,NULL,NULL,1,NULL,'2024-10-18 03:31:11',1,'2024-10-18 03:31:11',1),(83,33,1,1,NULL,'如上拦截器，将对所有访问/plugin/hello的url进行拦截','a877f378-10eb-4bdb-a758-1954d70f3a93',NULL,NULL,NULL,1,NULL,'2024-10-18 03:31:11',1,'2024-10-18 03:31:11',1),(84,33,1,1,NULL,'某些业务情况下，我们需要在插件中创建表，操作数据库','747f9837-c170-462c-8567-f0431cffac26',NULL,NULL,NULL,1,NULL,'2024-10-18 03:31:11',1,'2024-10-18 03:31:11',1),(85,33,1,1,NULL,'public interface HelloPluginMapper extends BaseMapper<Hello> {\n\n}','4a7fad33-4bf7-40cf-9fc3-f37632fe4ccb',NULL,NULL,NULL,1,NULL,'2024-10-18 03:31:11',1,'2024-10-18 03:31:11',1),(86,33,1,1,NULL,'在resources/mapper目录下新建mapper.xml','5dcb3fc4-219a-4318-99e2-6a1d885734ba',NULL,NULL,NULL,1,NULL,'2024-10-18 03:31:11',1,'2024-10-18 03:31:11',1),(87,33,1,1,NULL,'<?xml version=\"1.0\" encoding=\"UTF-8\"?>\n<!DOCTYPE mapper PUBLIC \"-//mybatis.org//DTD Mapper 3.0//EN\" \"http://mybatis.org/dtd/mybatis-3-mapper.dtd\">\n<mapper namespace=\"com.fastcms.hello.HelloPluginMapper\">\n\n</mapper>','d63fb489-5880-4114-a1c1-4756ee746ff2',NULL,NULL,NULL,1,NULL,'2024-10-18 03:31:11',1,'2024-10-18 03:31:11',1),(88,33,1,1,NULL,'在controller或者service中如下使用','9365d3c2-d0d1-4376-8419-cdd3b299d34c',NULL,NULL,NULL,1,NULL,'2024-10-18 03:31:11',1,'2024-10-18 03:31:11',1),(89,33,1,1,NULL,'HelloPluginMapper bean = ApplicationUtils.getBean(HelloPluginMapper.class);','c65fe2ac-3539-42df-bc79-595e3eb91372',NULL,NULL,NULL,1,NULL,'2024-10-18 03:31:11',1,'2024-10-18 03:31:11',1),(90,33,1,1,NULL,'由于mybatis-plus Mapper注册的特殊性，暂时不支持注入mapper，后续会考虑支持','6b8774a1-560d-4131-b12f-5cb06a75b22e',NULL,NULL,NULL,1,NULL,'2024-10-18 03:31:11',1,'2024-10-18 03:31:11',1),(91,33,1,1,NULL,'最终我们要把插件打成jar包或者zip包，如果有依赖除fastcms之外的第三方jar的情况下，通常打成zip包 完整的插件打包pom.xml文件代码如下','6663ac5f-23fc-4e0e-9598-d5e2288290cc',NULL,NULL,NULL,1,NULL,'2024-10-18 03:31:11',1,'2024-10-18 03:31:11',1),(92,33,1,1,NULL,'<?xml version=\"1.0\" encoding=\"UTF-8\"?>\n<project xmlns=\"http://maven.apache.org/POM/4.0.0\"\n         xmlns:xsi=\"http://www.w3.org/2001/XMLSchema-instance\"\n         xsi:schemaLocation=\"http://maven.apache.org/POM/4.0.0 http://maven.apache.org/xsd/maven-4.0.0.xsd\">\n    <parent>\n        <artifactId>plugins-root</artifactId>\n        <groupId>com.fastcms</groupId>\n        <version>1.0-SNAPSHOT</version>\n    </parent>\n    <modelVersion>4.0.0</modelVersion>\n\n    <artifactId>article-field-plugin</artifactId>\n\n    <properties>\n        <plugin.id>article-field-plugin</plugin.id>\n        <plugin.class>com.fastcms.plugin.article.field.ArticleFieldPlugin</plugin.class>\n        <plugin.version>0.0.1</plugin.version>\n        <plugin.provider>wjun_java@163.com</plugin.provider>\n        <plugin.description>文章等扩展字段插件</plugin.description>\n        <plugin.dependencies />\n    </properties>\n\n    <dependencies>\n        <dependency>\n            <groupId>com.fastcms</groupId>\n            <artifactId>fastcms-web</artifactId>\n            <scope>provided</scope>\n        </dependency>\n    </dependencies>\n\n    <build>\n        <plugins>\n            <plugin>\n                <groupId>org.apache.maven.plugins</groupId>\n                <artifactId>maven-antrun-plugin</artifactId>\n                <version>1.6</version>\n                <executions>\n                    <execution>\n                        <id>unzip jar file</id>\n                        <phase>package</phase>\n                        <configuration>\n                            <target>\n                                <unzip src=\"target/${project.artifactId}-${project.version}.${project.packaging}\" dest=\"target/plugin-classes\" />\n                            </target>\n                        </configuration>\n                        <goals>\n                            <goal>run</goal>\n                        </goals>\n                    </execution>\n                </executions>\n            </plugin>\n\n            <plugin>\n                <groupId>org.apache.maven.plugins</groupId>\n                <artifactId>maven-assembly-plugin</artifactId>\n                <version>2.3</version>\n                <configuration>\n                    <descriptors>\n                        <descriptor>\n                            src/main/assembly/assembly.xml\n                        </descriptor>\n                    </descriptors>\n                    <appendAssemblyId>false</appendAssemblyId>\n                </configuration>\n                <executions>\n                    <execution>\n                        <id>make-assembly</id>\n                        <phase>package</phase>\n                        <goals>\n                            <goal>attached</goal>\n                        </goals>\n                    </execution>\n                </executions>\n            </plugin>\n\n            <plugin>\n                <groupId>org.apache.maven.plugins</groupId>\n                <artifactId>maven-jar-plugin</artifactId>\n                <version>2.4</version>\n                <configuration>\n                    <archive>\n                        <manifestEntries>\n                            <Plugin-Id>${plugin.id}</Plugin-Id>\n                            <Plugin-Class>${plugin.class}</Plugin-Class>\n                            <Plugin-Version>${plugin.version}</Plugin-Version>\n                            <Plugin-Provider>${plugin.provider}</Plugin-Provider>\n                            <Plugin-description>${plugin.description}</Plugin-description>\n                            <Plugin-Dependencies>${plugin.dependencies}</Plugin-Dependencies>\n                        </manifestEntries>\n                    </archive>\n                </configuration>\n            </plugin>\n\n            <plugin>\n                <artifactId>maven-deploy-plugin</artifactId>\n                <configuration>\n                    <skip>true</skip>\n                </configuration>\n            </plugin>\n        </plugins>\n    </build>\n\n</project>','7bcb378d-9581-402e-9c20-2dc8bb03fbc5',NULL,NULL,NULL,1,NULL,'2024-10-18 03:31:11',1,'2024-10-18 03:31:11',1),(93,33,1,1,NULL,'通过以上步骤，我们可以开发Fastcms插件，把插件包安装到Fastcms即可使用插件，无需重启服务器','52bd3088-d7ff-4157-8983-7b76432a6767',NULL,NULL,NULL,1,NULL,'2024-10-18 03:31:11',1,'2024-10-18 03:31:11',1),(94,31,1,1,NULL,'欢迎使用Fastcms，Fastcms 是一个基于Springboot的企业建站工具，插件化架构让系统扩展变得极其容易，非常灵活，是开发文章获客，微信营销插件的基石::: tip 愿景 我们的愿景是让企业门户信息化构建变得更容易。 :::','27c1c153-9d63-4d6e-9ae9-228d6d9fa727',NULL,NULL,NULL,1,NULL,'2024-10-19 10:14:04',1,'2024-10-19 10:14:04',1),(95,31,1,1,NULL,'用户权限：完整的用户角色权限，数据权限控制 附件：网站附件管理，支持通过插件扩展第三方文件服务器，比如阿里云Oss，七牛云等 文章：在线编辑网站内容，支持分类，文章打标签 页面：灵活的网站页面管理，可自定义单页内容，单页样式 模板：网站多套模板管理，支持模板文件在线编辑，在线安装，卸载，可通过插件自定义扩展CMS标签，无需重启服务器，安装标签插件即可使用 插件：支持插件的在线安装，卸载，插件属性配置，无需重启服务器，即插即用 支付：支持通过插件方式扩展任意第三方支付平台，比如微信支付插件 订单：支持用户在线付费下载，付费阅读，统一订单管理，丰富的订单辅助插件','b41ea51a-7208-4f91-a67c-fb4f472a248c',NULL,NULL,NULL,1,NULL,'2024-10-19 10:14:04',1,'2024-10-19 10:14:04',1),(96,31,1,1,NULL,'Gitee | Github','95cbb721-ef3b-48c4-a8e1-4965aabe94c9',NULL,NULL,NULL,1,NULL,'2024-10-19 10:14:04',1,'2024-10-19 10:14:04',1),(97,31,1,1,NULL,'欢迎各路好汉一起来参与完善Fastcms，我们期待你的 PR！ 贡献代码：代码地址 Fastcms ，欢迎提交 Issue 或者 Pull Requests','1085b6dd-fe15-4e36-98ea-64ccdd18bdcc',NULL,NULL,NULL,1,NULL,'2024-10-19 10:14:04',1,'2024-10-19 10:14:04',1),(98,32,1,1,NULL,'这个手册是帮忙您快速在您的电脑上，下载、安装并使用 Fastcms。','5c1d143b-98f9-4961-a287-0d00692479c7',NULL,NULL,NULL,1,NULL,'2024-10-19 15:17:44',1,'2024-10-19 15:17:44',1),(99,32,1,1,NULL,'您可以在Fastcms的release notes中找到每个版本支持的功能的介绍','ed33d6f0-df22-4d40-a71d-738e091a160e',NULL,NULL,NULL,1,NULL,'2024-10-19 15:17:44',1,'2024-10-19 15:17:44',1),(100,32,1,1,NULL,'Fastcms 依赖 Java 环境来运行。如果您是从代码开始构建并运行Fastcms，还需要为此配置 Maven环境，请确保是在以下版本环境中安装使用:64 bit OS，支持 Linux/Unix/Mac/Windows，推荐选用 Linux/Unix/Mac。 64 bit JDK 1.8+；下载 & 配置。Maven 3.6.x+；下载 & 配置。','4374413c-c403-4912-84e7-0640e2f22ddc',NULL,NULL,NULL,1,NULL,'2024-10-19 15:17:44',1,'2024-10-19 15:17:44',1),(101,32,1,1,NULL,'你可以通过源码和发行包两种方式来获取 Fastcms。从 Gitee 上下载源码方式','b2bcf548-6f7d-42fa-88c7-673bf6d220c1',NULL,NULL,NULL,1,NULL,'2024-10-19 15:17:44',1,'2024-10-19 15:17:44',1),(102,32,1,1,NULL,'git clone https://gitee.com/xjd2020/fastcms.git\n\ncd fastcms/\n\n执行build.sh\n\nbuild完成后进入dist目录\n\ncd fastcms/dist','31f75a1a-74cb-4927-b317-efbf99719a0b',NULL,NULL,NULL,1,NULL,'2024-10-19 15:17:44',1,'2024-10-19 15:17:44',1),(103,32,1,1,NULL,'::: tip windows执行build.bat，编译后本地归档目录为.dist，linux是dist :::','a7e0c257-1592-434c-af0d-539df9186d1e',NULL,NULL,NULL,1,NULL,'2024-10-19 15:17:44',1,'2024-10-19 15:17:44',1),(104,32,1,1,NULL,'Fastcms构建后目录如下：|  目录              |  说明 | ------------------ | ------------------------------------------------------------| | config             |  配置文件存放目录，fastcms.sql也存放在这个目录                | | htmls              |  模板文件存放目录，安装的模板会上传到这个目录                  | | logs               |  Fastcms日志文件存放目录                                     | | plugins            |  插件包存放目录，安装的插件会上传到这个目录                    | | upload             |  附件存放目录                                                | | fastcms-server.jar |  系统可执行jar                                               | | startup.cmd        |  windows启动服务器脚本                                       | | startup.sh         |  linux启动服务器脚本                                         | | shutdown.cmd       |  windows停止服务器脚本                                       | | shutdown.','2a43e7b7-c0f1-488b-8434-7e815dd1ca9f',NULL,NULL,NULL,1,NULL,'2024-10-19 15:17:44',1,'2024-10-19 15:17:44',1),(105,32,1,1,NULL,'|  linux停止服务器脚本                                         |','73ba5c38-b619-4548-91ad-f2006a659e25',NULL,NULL,NULL,1,NULL,'2024-10-19 15:17:44',1,'2024-10-19 15:17:44',1),(106,32,1,1,NULL,'安装mysql5.7+ 数据库，创建fastcms数据库，导入fastcms/dist/config/fastcms.sql文件','9a4b176b-260b-4ce0-9985-9d0bd6df125e',NULL,NULL,NULL,1,NULL,'2024-10-19 15:17:44',1,'2024-10-19 15:17:44',1),(107,32,1,1,NULL,'cd fastcms/dist/config\n\nlogin mysql\n\ncreate database fastcms\n\nsource /fastcms/dist/config/fastcms.sql','2e6aaf8d-d5f9-44db-9478-13f5771e0b19',NULL,NULL,NULL,1,NULL,'2024-10-19 15:17:44',1,'2024-10-19 15:17:44',1),(108,32,1,1,NULL,'进入fastcms/dist/config目录，在 application-prod.yml 配置文件中添加mysql数据库的相关配置：','0a747d20-f4aa-406d-bc85-bfa1c4e4c62f',NULL,NULL,NULL,1,NULL,'2024-10-19 15:17:44',1,'2024-10-19 15:17:44',1),(109,32,1,1,NULL,'cd fastcms/dist/config\n# DataSource Config\nspring:\n  datasource:\n    driver-class-name: com.mysql.cj.jdbc.Driver\n    url: jdbc:mysql://localhost:3306/fastcms?autoReconnect=true&useSSL=false&useUnicode=true&characterEncoding=utf-8&serverTimezone=Asia/Shanghai\n    username: your db username\n    password: your db password','1956dbea-d5a7-45f5-85d2-57e60607f70e',NULL,NULL,NULL,1,NULL,'2024-10-19 15:17:44',1,'2024-10-19 15:17:44',1),(110,32,1,1,NULL,'进入fastcms/dist目录下','17c6ac6c-3db0-4e6a-91dd-45b03e9b6950',NULL,NULL,NULL,1,NULL,'2024-10-19 15:17:44',1,'2024-10-19 15:17:44',1),(111,32,1,1,NULL,'cd fastcms/dist\n\nstartup.sh\n\n//停止服务器\nshutdown.sh','a5595b6a-915d-4876-ae85-a4126d109586',NULL,NULL,NULL,1,NULL,'2024-10-19 15:17:44',1,'2024-10-19 15:17:44',1),(112,32,1,1,NULL,'nginx配置如下','392535b2-cc4c-4cf1-b7a8-eb147c87edf9',NULL,NULL,NULL,1,NULL,'2024-10-19 15:17:44',1,'2024-10-19 15:17:44',1),(113,32,1,1,NULL,'server {\n        listen 80;\n        server_name www.abc.com;\n        rewrite ^(.*) https://$server_name$1 permanent;\n  }\n\n  # HTTPS server\n  server {\n      listen       443 ssl;\n      server_name  www.abc.com;\n      ssl     on;\n\n      ssl_certificate     /etc/nginx/cert/6404238_www.abc.com.pem;\n      ssl_certificate_key /etc/nginx/cert/6404238_www.abc.com.key;\n\n      ssl_session_timeout  5m;\n      ssl_protocols           SSLv2 SSLv3 TLSv1 TLSv1.1 TLSv1.2;\n      ssl_ciphers             HIGH:!aNULL:!MD5;\n      ssl_prefer_server_ciphers       on;\n\n\n      location / {\n        proxy_pass http://127.0.0.1:8080/;\n        proxy_set_header     Host            $host;\n        proxy_set_header     X-Real-IP       $remote_addr;\n        proxy_set_header     X-Forwarded-For $proxy_add_x_forwarded_for;\n      }\n   }','225d764c-6147-492e-ac73-fa44edba339d',NULL,NULL,NULL,1,NULL,'2024-10-19 15:17:44',1,'2024-10-19 15:17:44',1),(114,32,1,1,NULL,'::: tip 假设您的域名是www.abc.com，那么经过nginx的配置之后，您的网站访问地址如下 https://www.abc.com  访问管理后台        http://www.abc.com/fastcms  初始账号密码：admin/1 如果不搭建小程序的话，ssl，http证书不是必须，没有可以不配置 :::','c3cd3136-a2c5-4ac6-8546-968ec2ce5c19',NULL,NULL,NULL,1,NULL,'2024-10-19 15:17:44',1,'2024-10-19 15:17:44',1),(115,32,1,1,NULL,'通过以上几个简单的步骤，成功部署Fastcms系统，欢迎来到Fastcms世界！','a22f51ff-48b9-45d3-a765-8b1c0cdf77a8',NULL,NULL,NULL,1,NULL,'2024-10-19 15:17:44',1,'2024-10-19 15:17:44',1),(116,34,1,1,NULL,'---\ntitle: 插件结构\ndate: 2021-12-15 09:04:00\npermalink: /pages/981407/\narticle: false\n---\n\n插件是Fastcms架构重要组成部分，本文帮助您快速了解Fastcms插件的内部结构\n\n## 插件的属性文件\n插件工程也是一个普通的maven工程，不同的是，在src的同级目录下有一个plugin.properties文件，该文件为插件的描述文件，必不可少，文件结构如下\n```java\nplugin.id=hello-world-plugin\nplugin.class=com.fastcms.hello.HelloPlugin\nplugin.version=0.0.1\nplugin.provider=wjun_java@163.com\nplugin.description=hello, fastcms plugin world\nplugin.dependencies=\n```\n\n::: tip \nplugin.id必不可少，且不可与其他插件id重复，否则安装失败<br>\nplugin.class必不可少，该类为插件的入口程序\n:::\n\n## 插件的入口程序\n插件的安装，卸载都会首先执行入口程序的start，stop，delete方法，示例代码如下\n\n```java\npublic class HelloPlugin extends PluginBase {\n\n    @Override\n    public String getConfigUrl() {\n        return PluginUtils.getConfigUrlHost() + \"/hello\";\n    }\n\n    public HelloPlugin(PluginWrapper wrapper) {\n        super(wrapper);\n    }\n\n    @Override\n    public void start() {\n        super.start();\n    }\n\n}\n```\n\n## 小结\n\n一个Fastcms插件内部结构其实就是由plugin.id，plugin.class两个必不可少的属性文件组成','4b17c0c2-9b71-473c-a707-a2151d919d94',NULL,NULL,NULL,1,NULL,'2024-10-19 15:18:08',1,'2024-10-19 15:18:08',1);
/*!40000 ALTER TABLE `document_segment` ENABLE KEYS */;
UNLOCK TABLES;

--
-- Table structure for table `organization`
--

DROP TABLE IF EXISTS `organization`;
/*!40101 SET @saved_cs_client     = @@character_set_client */;
/*!50503 SET character_set_client = utf8mb4 */;
CREATE TABLE `organization` (
  `org_id` bigint unsigned NOT NULL AUTO_INCREMENT,
  `name` varchar(100) CHARACTER SET utf8mb4 COLLATE utf8mb4_general_ci NOT NULL,
  `status` int DEFAULT '1' COMMENT '1正常、0禁用',
  `create_at` timestamp NOT NULL DEFAULT CURRENT_TIMESTAMP,
  `update_at` timestamp NOT NULL DEFAULT CURRENT_TIMESTAMP,
  `create_by` bigint NOT NULL DEFAULT '0',
  `update_by` bigint NOT NULL DEFAULT '0',
  PRIMARY KEY (`org_id`)
) ENGINE=InnoDB AUTO_INCREMENT=3 DEFAULT CHARSET=utf8mb4 COLLATE=utf8mb4_general_ci COMMENT='组织机构表';
/*!40101 SET character_set_client = @saved_cs_client */;

--
-- Dumping data for table `organization`
--

LOCK TABLES `organization` WRITE;
/*!40000 ALTER TABLE `organization` DISABLE KEYS */;
INSERT INTO `organization` VALUES (1,'我的组织',1,'2024-08-06 02:36:24','2024-08-06 02:36:24',0,0),(2,'我的团队',1,'2024-08-11 13:33:22','2024-08-11 13:33:22',0,0);
/*!40000 ALTER TABLE `organization` ENABLE KEYS */;
UNLOCK TABLES;

--
-- Table structure for table `provider`
--

DROP TABLE IF EXISTS `provider`;
/*!40101 SET @saved_cs_client     = @@character_set_client */;
/*!50503 SET character_set_client = utf8mb4 */;
CREATE TABLE `provider` (
  `provider_id` bigint unsigned NOT NULL AUTO_INCREMENT,
  `org_id` bigint NOT NULL COMMENT '组织机构id',
  `provider_name` varchar(100) CHARACTER SET utf8mb4 COLLATE utf8mb4_general_ci DEFAULT NULL,
  `api_key` varchar(100) CHARACTER SET utf8mb4 COLLATE utf8mb4_general_ci DEFAULT NULL,
  `api_url` varchar(100) CHARACTER SET utf8mb4 COLLATE utf8mb4_general_ci DEFAULT NULL,
  `create_at` timestamp NULL DEFAULT CURRENT_TIMESTAMP,
  `update_at` timestamp NULL DEFAULT CURRENT_TIMESTAMP,
  `create_by` bigint NOT NULL,
  `update_by` bigint NOT NULL,
  PRIMARY KEY (`provider_id`),
  KEY `provider_org_id_IDX` (`org_id`) USING BTREE
) ENGINE=InnoDB AUTO_INCREMENT=6 DEFAULT CHARSET=utf8mb4 COLLATE=utf8mb4_general_ci COMMENT='大语言模型提供者';
/*!40101 SET character_set_client = @saved_cs_client */;

--
-- Dumping data for table `provider`
--

LOCK TABLES `provider` WRITE;
/*!40000 ALTER TABLE `provider` DISABLE KEYS */;
INSERT INTO `provider` VALUES (5,1,'Tongyi-Qianwen','sk-6ddaa19b67a345528f40ecc5e6c2373b',NULL,'2024-10-20 13:11:03','2024-10-20 13:11:03',1,1);
/*!40000 ALTER TABLE `provider` ENABLE KEYS */;
UNLOCK TABLES;

--
-- Table structure for table `provider_model`
--

DROP TABLE IF EXISTS `provider_model`;
/*!40101 SET @saved_cs_client     = @@character_set_client */;
/*!50503 SET character_set_client = utf8mb4 */;
CREATE TABLE `provider_model` (
  `model_id` bigint unsigned NOT NULL AUTO_INCREMENT,
  `org_id` bigint NOT NULL COMMENT '组织',
  `provider_name` varchar(100) CHARACTER SET utf8mb4 COLLATE utf8mb4_general_ci NOT NULL COMMENT '模型提供商',
  `model_name` varchar(100) CHARACTER SET utf8mb4 COLLATE utf8mb4_general_ci NOT NULL COMMENT '大模型名称',
  `model_type` varchar(100) CHARACTER SET utf8mb4 COLLATE utf8mb4_general_ci NOT NULL COMMENT '模型类型对应spring的ModelFactory的bean name',
  `create_at` timestamp NOT NULL DEFAULT CURRENT_TIMESTAMP,
  `update_at` timestamp NOT NULL DEFAULT CURRENT_TIMESTAMP,
  `create_by` bigint NOT NULL,
  `update_by` bigint NOT NULL,
  PRIMARY KEY (`model_id`),
  UNIQUE KEY `provider_model_un` (`provider_name`,`model_name`)
) ENGINE=InnoDB AUTO_INCREMENT=19 DEFAULT CHARSET=utf8mb4 COLLATE=utf8mb4_general_ci COMMENT='模型表';
/*!40101 SET character_set_client = @saved_cs_client */;

--
-- Dumping data for table `provider_model`
--

LOCK TABLES `provider_model` WRITE;
/*!40000 ALTER TABLE `provider_model` DISABLE KEYS */;
INSERT INTO `provider_model` VALUES (12,1,'Tongyi-Qianwen','qwen-plus','chat','2024-10-20 13:11:03','2024-10-20 13:11:03',1,1),(13,1,'Tongyi-Qianwen','qwen-turbo','chat','2024-10-20 13:11:03','2024-10-20 13:11:03',1,1),(14,1,'Tongyi-Qianwen','qwen-vl-plus','image2text','2024-10-20 13:11:03','2024-10-20 13:11:03',1,1),(15,1,'Tongyi-Qianwen','sambert-zhide-v1','tts','2024-10-20 13:11:03','2024-10-20 13:11:03',1,1),(16,1,'Tongyi-Qianwen','sambert-zhiru-v1','tts','2024-10-20 13:11:03','2024-10-20 13:11:03',1,1),(17,1,'Tongyi-Qianwen','text-embedding-v2','embedding','2024-10-20 13:11:03','2024-10-20 13:11:03',1,1),(18,1,'Tongyi-Qianwen','text-embedding-v3','embedding','2024-10-20 13:11:03','2024-10-20 13:11:03',1,1);
/*!40000 ALTER TABLE `provider_model` ENABLE KEYS */;
UNLOCK TABLES;

--
-- Table structure for table `sys_provider`
--

DROP TABLE IF EXISTS `sys_provider`;
/*!40101 SET @saved_cs_client     = @@character_set_client */;
/*!50503 SET character_set_client = utf8mb4 */;
CREATE TABLE `sys_provider` (
  `sys_provider_id` bigint unsigned NOT NULL AUTO_INCREMENT,
  `name` varchar(100) COLLATE utf8mb4_general_ci DEFAULT NULL,
  `logo` varchar(255) COLLATE utf8mb4_general_ci DEFAULT NULL,
  `tags` varchar(255) COLLATE utf8mb4_general_ci DEFAULT NULL,
  `status` int DEFAULT NULL,
  `create_at` timestamp NULL DEFAULT NULL,
  `update_at` timestamp NULL DEFAULT NULL,
  `create_by` bigint NOT NULL DEFAULT '0',
  `update_by` bigint NOT NULL DEFAULT '0',
  PRIMARY KEY (`sys_provider_id`)
) ENGINE=InnoDB AUTO_INCREMENT=43 DEFAULT CHARSET=utf8mb4 COLLATE=utf8mb4_general_ci;
/*!40101 SET character_set_client = @saved_cs_client */;

--
-- Dumping data for table `sys_provider`
--

LOCK TABLES `sys_provider` WRITE;
/*!40000 ALTER TABLE `sys_provider` DISABLE KEYS */;
INSERT INTO `sys_provider` VALUES (1,'01.AI','','LLM,IMAGE2TEXT',0,'2024-10-20 03:45:43','2024-10-20 03:45:43',0,0),(2,'Anthropic','','LLM',1,'2024-10-20 03:45:43','2024-10-20 03:45:43',0,0),(3,'Azure-OpenAI','','LLM,TEXT EMBEDDING,SPEECH2TEXT,MODERATION',1,'2024-10-20 03:45:43','2024-10-20 03:45:43',0,0),(4,'BAAI','','TEXT EMBEDDING, TEXT RE-RANK',1,'2024-10-20 03:45:43','2024-10-20 03:45:43',0,0),(5,'BaiChuan','','LLM,TEXT EMBEDDING',1,'2024-10-20 03:45:43','2024-10-20 03:45:43',0,0),(6,'BaiduYiyan','','LLM',1,'2024-10-20 03:45:43','2024-10-20 03:45:43',0,0),(7,'Bedrock','','LLM,TEXT EMBEDDING',1,'2024-10-20 03:45:43','2024-10-20 03:45:43',0,0),(8,'cohere','','LLM,TEXT EMBEDDING, TEXT RE-RANK',1,'2024-10-20 03:45:43','2024-10-20 03:45:43',0,0),(9,'DeepSeek','','LLM',1,'2024-10-20 03:45:43','2024-10-20 03:45:43',0,0),(10,'FastEmbed','','TEXT EMBEDDING',1,'2024-10-20 03:45:43','2024-10-20 03:45:43',0,0),(11,'Fish Audio','','TTS',1,'2024-10-20 03:45:43','2024-10-20 03:45:43',0,0),(12,'Gemini','','LLM,TEXT EMBEDDING,IMAGE2TEXT',1,'2024-10-20 03:45:43','2024-10-20 03:45:43',0,0),(13,'Google Cloud','','LLM',1,'2024-10-20 03:45:43','2024-10-20 03:45:43',0,0),(14,'Groq','','LLM',1,'2024-10-20 03:45:43','2024-10-20 03:45:43',0,0),(15,'Jina','','TEXT EMBEDDING, TEXT RE-RANK',1,'2024-10-20 03:45:43','2024-10-20 03:45:43',0,0),(16,'LeptonAI','','LLM',1,'2024-10-20 03:45:43','2024-10-20 03:45:43',0,0),(17,'LM-Studio','','LLM,TEXT EMBEDDING,IMAGE2TEXT',1,'2024-10-20 03:45:43','2024-10-20 03:45:43',0,0),(18,'LocalAI','','LLM,TEXT EMBEDDING,SPEECH2TEXT,MODERATION',1,'2024-10-20 03:45:43','2024-10-20 03:45:43',0,0),(19,'MiniMax','','LLM,TEXT EMBEDDING',1,'2024-10-20 03:45:43','2024-10-20 03:45:43',0,0),(20,'Mistral','','LLM,TEXT EMBEDDING',1,'2024-10-20 03:45:43','2024-10-20 03:45:43',0,0),(21,'Moonshot','','LLM,TEXT EMBEDDING',1,'2024-10-20 03:45:43','2024-10-20 03:45:43',0,0),(22,'novita.ai','','LLM',1,'2024-10-20 03:45:43','2024-10-20 03:45:43',0,0),(23,'NVIDIA','','LLM,TEXT EMBEDDING, TEXT RE-RANK',1,'2024-10-20 03:45:43','2024-10-20 03:45:43',0,0),(24,'Ollama','','LLM,TEXT EMBEDDING,SPEECH2TEXT,MODERATION',1,'2024-10-20 03:45:43','2024-10-20 03:45:43',0,0),(25,'OpenAI','','LLM,TEXT EMBEDDING,SPEECH2TEXT,MODERATION',1,'2024-10-20 03:45:43','2024-10-20 03:45:43',0,0),(26,'OpenAI-API-Compatible','','LLM,TEXT EMBEDDING,SPEECH2TEXT,MODERATION',1,'2024-10-20 03:45:43','2024-10-20 03:45:43',0,0),(27,'OpenRouter','','LLM,IMAGE2TEXT',1,'2024-10-20 03:45:43','2024-10-20 03:45:43',0,0),(28,'PerfXCloud','','LLM,TEXT EMBEDDING',1,'2024-10-20 03:45:43','2024-10-20 03:45:43',0,0),(29,'Replicate','','LLM,TEXT EMBEDDING',1,'2024-10-20 03:45:43','2024-10-20 03:45:43',0,0),(30,'SILICONFLOW','','LLM,TEXT EMBEDDING,TEXT RE-RANK',1,'2024-10-20 03:45:43','2024-10-20 03:45:43',0,0),(31,'StepFun','','LLM',1,'2024-10-20 03:45:43','2024-10-20 03:45:43',0,0),(32,'Tencent Cloud','','SPEECH2TEXT',1,'2024-10-20 03:45:43','2024-10-20 03:45:43',0,0),(33,'Tencent Hunyuan','','LLM,IMAGE2TEXT',1,'2024-10-20 03:45:43','2024-10-20 03:45:43',0,0),(34,'TogetherAI','','LLM,TEXT EMBEDDING,IMAGE2TEXT',1,'2024-10-20 03:45:43','2024-10-20 03:45:43',0,0),(35,'Tongyi-Qianwen','','LLM,TEXT EMBEDDING,SPEECH2TEXT,MODERATION',1,'2024-10-20 03:45:43','2024-10-20 03:45:43',0,0),(36,'Upstage','','LLM,TEXT EMBEDDING',1,'2024-10-20 03:45:43','2024-10-20 03:45:43',0,0),(37,'VolcEngine','','LLM, TEXT EMBEDDING',1,'2024-10-20 03:45:43','2024-10-20 03:45:43',0,0),(38,'Voyage AI','','TEXT EMBEDDING, TEXT RE-RANK',1,'2024-10-20 03:45:43','2024-10-20 03:45:43',0,0),(39,'Xinference','','LLM,TEXT EMBEDDING,SPEECH2TEXT,MODERATION,TEXT RE-RANK',1,'2024-10-20 03:45:43','2024-10-20 03:45:43',0,0),(40,'XunFei Spark','','LLM',1,'2024-10-20 03:45:43','2024-10-20 03:45:43',0,0),(41,'Youdao','','LLM,TEXT EMBEDDING,SPEECH2TEXT,MODERATION',0,'2024-10-20 03:45:43','2024-10-20 03:45:43',0,0),(42,'ZHIPU-AI','','LLM,TEXT EMBEDDING,SPEECH2TEXT,MODERATION',1,'2024-10-20 03:45:43','2024-10-20 03:45:43',0,0);
/*!40000 ALTER TABLE `sys_provider` ENABLE KEYS */;
UNLOCK TABLES;

--
-- Table structure for table `sys_provider_model`
--

DROP TABLE IF EXISTS `sys_provider_model`;
/*!40101 SET @saved_cs_client     = @@character_set_client */;
/*!50503 SET character_set_client = utf8mb4 */;
CREATE TABLE `sys_provider_model` (
  `sys_provider_model_id` bigint unsigned NOT NULL AUTO_INCREMENT,
  `model_name` varchar(128) COLLATE utf8mb4_general_ci DEFAULT NULL,
  `model_type` varchar(128) COLLATE utf8mb4_general_ci DEFAULT NULL,
  `provider_name` varchar(128) COLLATE utf8mb4_general_ci DEFAULT NULL,
  `max_tokens` int DEFAULT NULL,
  `tags` varchar(255) COLLATE utf8mb4_general_ci DEFAULT NULL,
  `status` varchar(1) COLLATE utf8mb4_general_ci DEFAULT NULL,
  `create_at` timestamp NULL DEFAULT NULL,
  `update_at` timestamp NULL DEFAULT NULL,
  `create_by` bigint NOT NULL DEFAULT '0',
  `update_by` bigint NOT NULL DEFAULT '0',
  PRIMARY KEY (`sys_provider_model_id`)
) ENGINE=InnoDB AUTO_INCREMENT=507 DEFAULT CHARSET=utf8mb4 COLLATE=utf8mb4_general_ci;
/*!40101 SET character_set_client = @saved_cs_client */;

--
-- Dumping data for table `sys_provider_model`
--

LOCK TABLES `sys_provider_model` WRITE;
/*!40000 ALTER TABLE `sys_provider_model` DISABLE KEYS */;
INSERT INTO `sys_provider_model` VALUES (1,'01-ai/Yi-1.5-34B-Chat-16K','chat','SILICONFLOW',16384,'LLM,CHAT,16k','1','2024-10-20 03:40:55','2024-10-20 03:40:55',0,0),(2,'01-ai/Yi-1.5-6B-Chat','chat','SILICONFLOW',4096,'LLM,CHAT,4k','1','2024-10-20 03:40:55','2024-10-20 03:40:55',0,0),(3,'01-ai/Yi-1.5-9B-Chat-16K','chat','SILICONFLOW',16384,'LLM,CHAT,16k','1','2024-10-20 03:40:55','2024-10-20 03:40:55',0,0),(4,'01-ai/yi-34b','chat','OpenRouter',4096,'LLM CHAT 4K','1','2024-10-20 03:40:55','2024-10-20 03:40:55',0,0),(5,'01-ai/yi-34b-200k','chat','OpenRouter',200000,'LLM CHAT 195K','1','2024-10-20 03:40:55','2024-10-20 03:40:55',0,0),(6,'01-ai/yi-34b-chat','chat','OpenRouter',4096,'LLM CHAT 4K','1','2024-10-20 03:40:55','2024-10-20 03:40:55',0,0),(7,'01-ai/yi-6b','chat','OpenRouter',4096,'LLM CHAT 4K','1','2024-10-20 03:40:55','2024-10-20 03:40:55',0,0),(8,'01-ai/yi-large','chat','OpenRouter',32768,'LLM CHAT 32K','1','2024-10-20 03:40:55','2024-10-20 03:40:55',0,0),(9,'abab5.5s-chat','chat','MiniMax',8192,'LLM,CHAT,8k','1','2024-10-20 03:40:55','2024-10-20 03:40:55',0,0),(10,'abab6.5-chat','chat','MiniMax',8192,'LLM,CHAT,8k','1','2024-10-20 03:40:55','2024-10-20 03:40:55',0,0),(11,'abab6.5g-chat','chat','MiniMax',8192,'LLM,CHAT,8k','1','2024-10-20 03:40:55','2024-10-20 03:40:55',0,0),(12,'abab6.5s-chat','chat','MiniMax',245760,'LLM,CHAT,245k','1','2024-10-20 03:40:55','2024-10-20 03:40:55',0,0),(13,'abab6.5t-chat','chat','MiniMax',8192,'LLM,CHAT,8k','1','2024-10-20 03:40:55','2024-10-20 03:40:55',0,0),(14,'adept/fuyu-8b','image2text','NVIDIA',4096,'LLM,IMAGE2TEXT,4K','1','2024-10-20 03:40:55','2024-10-20 03:40:55',0,0),(15,'ai21.j2-mid-v1','chat','Bedrock',8191,'LLM,CHAT,8k','1','2024-10-20 03:40:55','2024-10-20 03:40:55',0,0),(16,'ai21.j2-ultra-v1','chat','Bedrock',8191,'LLM,CHAT,8k','1','2024-10-20 03:40:55','2024-10-20 03:40:55',0,0),(17,'ai21/jamba-instruct','chat','OpenRouter',256000,'LLM CHAT 250K','1','2024-10-20 03:40:55','2024-10-20 03:40:55',0,0),(18,'aisingapore/sea-lion-7b-instruct','chat','NVIDIA',4096,'LLM,CHAT,4K','1','2024-10-20 03:40:55','2024-10-20 03:40:55',0,0),(19,'allenai/olmo-7b-instruct','chat','OpenRouter',2048,'LLM CHAT 2K','1','2024-10-20 03:40:55','2024-10-20 03:40:55',0,0),(20,'alpindale/goliath-120b','chat','OpenRouter',6144,'LLM CHAT 6K','1','2024-10-20 03:40:55','2024-10-20 03:40:55',0,0),(21,'alpindale/magnum-72b','chat','OpenRouter',16384,'LLM CHAT 16K','1','2024-10-20 03:40:55','2024-10-20 03:40:55',0,0),(22,'amazon.titan-embed-text-v2:0','embedding','Bedrock',8192,'TEXT EMBEDDING','1','2024-10-20 03:40:55','2024-10-20 03:40:55',0,0),(23,'amazon.titan-text-express-v1','chat','Bedrock',8192,'LLM,CHAT,8k','1','2024-10-20 03:40:55','2024-10-20 03:40:55',0,0),(24,'amazon.titan-text-lite-v1','chat','Bedrock',4096,'LLM,CHAT,4k','1','2024-10-20 03:40:55','2024-10-20 03:40:55',0,0),(25,'amazon.titan-text-premier-v1:0','chat','Bedrock',32768,'LLM,CHAT,32k','1','2024-10-20 03:40:55','2024-10-20 03:40:55',0,0),(26,'anthropic.claude-3-5-sonnet-20240620-v1:0','chat','Bedrock',204800,'LLM,CHAT,200k','1','2024-10-20 03:40:55','2024-10-20 03:40:55',0,0),(27,'anthropic.claude-3-haiku-20240307-v1:0','chat','Bedrock',204800,'LLM,CHAT,200k','1','2024-10-20 03:40:55','2024-10-20 03:40:55',0,0),(28,'anthropic.claude-3-opus-20240229-v1:0','chat','Bedrock',204800,'LLM,CHAT,200k','1','2024-10-20 03:40:55','2024-10-20 03:40:55',0,0),(29,'anthropic.claude-3-sonnet-20240229-v1:0','chat','Bedrock',204800,'LLM,CHAT,200k','1','2024-10-20 03:40:55','2024-10-20 03:40:55',0,0),(30,'anthropic.claude-instant-v1','chat','Bedrock',102400,'LLM,CHAT,100k','1','2024-10-20 03:40:55','2024-10-20 03:40:55',0,0),(31,'anthropic.claude-v2','chat','Bedrock',102400,'LLM,CHAT,100k','1','2024-10-20 03:40:55','2024-10-20 03:40:55',0,0),(32,'anthropic.claude-v2:1','chat','Bedrock',204800,'LLM,CHAT,200k','1','2024-10-20 03:40:55','2024-10-20 03:40:55',0,0),(33,'anthropic/claude-1','chat','OpenRouter',100000,'LLM CHAT 98K','1','2024-10-20 03:40:55','2024-10-20 03:40:55',0,0),(34,'anthropic/claude-1.2','chat','OpenRouter',100000,'LLM CHAT 98K','1','2024-10-20 03:40:55','2024-10-20 03:40:55',0,0),(35,'anthropic/claude-2','chat','OpenRouter',200000,'LLM CHAT 195K','1','2024-10-20 03:40:55','2024-10-20 03:40:55',0,0),(36,'anthropic/claude-2.0','chat','OpenRouter',100000,'LLM CHAT 98K','1','2024-10-20 03:40:55','2024-10-20 03:40:55',0,0),(37,'anthropic/claude-2.0:beta','chat','OpenRouter',100000,'LLM CHAT 98K','1','2024-10-20 03:40:55','2024-10-20 03:40:55',0,0),(38,'anthropic/claude-2.1','chat','OpenRouter',200000,'LLM CHAT 195K','1','2024-10-20 03:40:55','2024-10-20 03:40:55',0,0),(39,'anthropic/claude-2.1:beta','chat','OpenRouter',200000,'LLM CHAT 195K','1','2024-10-20 03:40:55','2024-10-20 03:40:55',0,0),(40,'anthropic/claude-2:beta','chat','OpenRouter',200000,'LLM CHAT 195K','1','2024-10-20 03:40:55','2024-10-20 03:40:55',0,0),(41,'anthropic/claude-3-haiku','image2text','OpenRouter',200000,'LLM IMAGE2TEXT 195K','1','2024-10-20 03:40:55','2024-10-20 03:40:55',0,0),(42,'anthropic/claude-3-haiku:beta','image2text','OpenRouter',200000,'LLM IMAGE2TEXT 195K','1','2024-10-20 03:40:55','2024-10-20 03:40:55',0,0),(43,'anthropic/claude-3-opus','image2text','OpenRouter',200000,'LLM IMAGE2TEXT 195K','1','2024-10-20 03:40:55','2024-10-20 03:40:55',0,0),(44,'anthropic/claude-3-opus:beta','image2text','OpenRouter',200000,'LLM IMAGE2TEXT 195K','1','2024-10-20 03:40:55','2024-10-20 03:40:55',0,0),(45,'anthropic/claude-3-sonnet','image2text','OpenRouter',200000,'LLM IMAGE2TEXT 195K','1','2024-10-20 03:40:55','2024-10-20 03:40:55',0,0),(46,'anthropic/claude-3-sonnet:beta','image2text','OpenRouter',200000,'LLM IMAGE2TEXT 195K','1','2024-10-20 03:40:55','2024-10-20 03:40:55',0,0),(47,'anthropic/claude-3.5-sonnet','image2text','OpenRouter',200000,'LLM IMAGE2TEXT 195K','1','2024-10-20 03:40:55','2024-10-20 03:40:55',0,0),(48,'anthropic/claude-3.5-sonnet:beta','image2text','OpenRouter',200000,'LLM IMAGE2TEXT 195K','1','2024-10-20 03:40:55','2024-10-20 03:40:55',0,0),(49,'anthropic/claude-instant-1','chat','OpenRouter',100000,'LLM CHAT 98K','1','2024-10-20 03:40:55','2024-10-20 03:40:55',0,0),(50,'anthropic/claude-instant-1.0','chat','OpenRouter',100000,'LLM CHAT 98K','1','2024-10-20 03:40:55','2024-10-20 03:40:55',0,0),(51,'anthropic/claude-instant-1.1','chat','OpenRouter',100000,'LLM CHAT 98K','1','2024-10-20 03:40:55','2024-10-20 03:40:55',0,0),(52,'anthropic/claude-instant-1:beta','chat','OpenRouter',100000,'LLM CHAT 98K','1','2024-10-20 03:40:55','2024-10-20 03:40:55',0,0),(53,'austism/chronos-hermes-13b','chat','OpenRouter',4096,'LLM CHAT 4K','1','2024-10-20 03:40:55','2024-10-20 03:40:55',0,0),(54,'BAAI/bge-base-en-v1.5','embedding','FastEmbed',512,'TEXT EMBEDDING,','1','2024-10-20 03:40:55','2024-10-20 03:40:55',0,0),(55,'BAAI/bge-large-en-v1.5','embedding','FastEmbed',512,'TEXT EMBEDDING,','1','2024-10-20 03:40:55','2024-10-20 03:40:55',0,0),(56,'BAAI/bge-large-en-v1.5','embedding','PerfXCloud',512,'TEXT EMBEDDING','1','2024-10-20 03:40:55','2024-10-20 03:40:55',0,0),(57,'BAAI/bge-large-en-v1.5','embedding','SILICONFLOW',512,'TEXT EMBEDDING,512','1','2024-10-20 03:40:55','2024-10-20 03:40:55',0,0),(58,'BAAI/bge-large-zh-v1.5','embedding','BAAI',1024,'TEXT EMBEDDING,','1','2024-10-20 03:40:55','2024-10-20 03:40:55',0,0),(59,'BAAI/bge-large-zh-v1.5','embedding','PerfXCloud',1024,'TEXT EMBEDDING','1','2024-10-20 03:40:55','2024-10-20 03:40:55',0,0),(60,'BAAI/bge-large-zh-v1.5','embedding','SILICONFLOW',512,'TEXT EMBEDDING,512','1','2024-10-20 03:40:55','2024-10-20 03:40:55',0,0),(61,'baai/bge-m3','embedding','NVIDIA',8192,'TEXT EMBEDDING,8K','1','2024-10-20 03:40:55','2024-10-20 03:40:55',0,0),(62,'BAAI/bge-m3','embedding','PerfXCloud',8192,'TEXT EMBEDDING','1','2024-10-20 03:40:55','2024-10-20 03:40:55',0,0),(63,'BAAI/bge-m3','embedding','SILICONFLOW',8192,'TEXT EMBEDDING,8K','1','2024-10-20 03:40:55','2024-10-20 03:40:55',0,0),(64,'BAAI/bge-reranker-v2-m3','rerank','BAAI',2048,'RE-RANK,2k','1','2024-10-20 03:40:55','2024-10-20 03:40:55',0,0),(65,'BAAI/bge-reranker-v2-m3','rerank','SILICONFLOW',1024,'RE-RANK, 512','1','2024-10-20 03:40:55','2024-10-20 03:40:55',0,0),(66,'BAAI/bge-small-en-v1.5','embedding','FastEmbed',512,'TEXT EMBEDDING,','1','2024-10-20 03:40:55','2024-10-20 03:40:55',0,0),(67,'BAAI/bge-small-zh-v1.5','embedding','FastEmbed',512,'TEXT EMBEDDING,','1','2024-10-20 03:40:55','2024-10-20 03:40:55',0,0),(68,'Baichuan-Text-Embedding','embedding','BaiChuan',512,'TEXT EMBEDDING','1','2024-10-20 03:40:55','2024-10-20 03:40:55',0,0),(69,'Baichuan2-Turbo','chat','BaiChuan',32768,'LLM,CHAT,32K','1','2024-10-20 03:40:55','2024-10-20 03:40:55',0,0),(70,'Baichuan2-Turbo-192k','chat','BaiChuan',196608,'LLM,CHAT,192K','1','2024-10-20 03:40:55','2024-10-20 03:40:55',0,0),(71,'Baichuan3-Turbo','chat','BaiChuan',32768,'LLM,CHAT,32K','1','2024-10-20 03:40:55','2024-10-20 03:40:55',0,0),(72,'Baichuan3-Turbo-128k','chat','BaiChuan',131072,'LLM,CHAT,128K','1','2024-10-20 03:40:55','2024-10-20 03:40:55',0,0),(73,'Baichuan4','chat','BaiChuan',131072,'LLM,CHAT,128K','1','2024-10-20 03:40:55','2024-10-20 03:40:55',0,0),(74,'chatglm3-6b','chat','PerfXCloud',8192,'LLM,CHAT,8k','1','2024-10-20 03:40:55','2024-10-20 03:40:55',0,0),(75,'claude-2.0','chat','Anthropic',102400,'LLM,CHAT,100k','1','2024-10-20 03:40:55','2024-10-20 03:40:55',0,0),(76,'claude-2.1','chat','Anthropic',204800,'LLM,CHAT,200k','1','2024-10-20 03:40:55','2024-10-20 03:40:55',0,0),(77,'claude-3-5-sonnet-20240620','chat','Anthropic',204800,'LLM,CHAT,200k','1','2024-10-20 03:40:55','2024-10-20 03:40:55',0,0),(78,'claude-3-haiku-20240307','chat','Anthropic',204800,'LLM,CHAT,200k','1','2024-10-20 03:40:55','2024-10-20 03:40:55',0,0),(79,'claude-3-opus-20240229','chat','Anthropic',204800,'LLM,CHAT,200k','1','2024-10-20 03:40:55','2024-10-20 03:40:55',0,0),(80,'claude-3-sonnet-20240229','chat','Anthropic',204800,'LLM,CHAT,200k','1','2024-10-20 03:40:55','2024-10-20 03:40:55',0,0),(81,'claude-instant-1.2','chat','Anthropic',102400,'LLM,CHAT,100k','1','2024-10-20 03:40:55','2024-10-20 03:40:55',0,0),(82,'codestral-latest','chat','Mistral',32000,'LLM,CHAT,32k','1','2024-10-20 03:40:55','2024-10-20 03:40:55',0,0),(83,'cognitivecomputations/dolphin-mixtral-8x22b','chat','novita.ai',16000,'LLM,CHAT,15k','1','2024-10-20 03:40:55','2024-10-20 03:40:55',0,0),(84,'cognitivecomputations/dolphin-mixtral-8x22b','chat','OpenRouter',65536,'LLM CHAT 64K','1','2024-10-20 03:40:55','2024-10-20 03:40:55',0,0),(85,'cognitivecomputations/dolphin-mixtral-8x7b','chat','OpenRouter',32768,'LLM CHAT 32K','1','2024-10-20 03:40:55','2024-10-20 03:40:55',0,0),(86,'cohere.command-light-text-v14','chat','Bedrock',4096,'LLM,CHAT,4k','1','2024-10-20 03:40:55','2024-10-20 03:40:55',0,0),(87,'cohere.command-r-plus-v1:0','chat','Bedrock',128000,'LLM,CHAT,128k','1','2024-10-20 03:40:55','2024-10-20 03:40:55',0,0),(88,'cohere.command-r-v1:0','chat','Bedrock',131072,'LLM,CHAT,128k','1','2024-10-20 03:40:55','2024-10-20 03:40:55',0,0),(89,'cohere.command-text-v14','chat','Bedrock',4096,'LLM,CHAT,4k','1','2024-10-20 03:40:55','2024-10-20 03:40:55',0,0),(90,'cohere.embed-english-v3','embedding','Bedrock',2048,'TEXT EMBEDDING','1','2024-10-20 03:40:55','2024-10-20 03:40:55',0,0),(91,'cohere.embed-multilingual-v3','embedding','Bedrock',2048,'TEXT EMBEDDING','1','2024-10-20 03:40:55','2024-10-20 03:40:55',0,0),(92,'cohere/command','chat','OpenRouter',4096,'LLM CHAT 4K','1','2024-10-20 03:40:55','2024-10-20 03:40:55',0,0),(93,'cohere/command-r','chat','OpenRouter',128000,'LLM CHAT 125K','1','2024-10-20 03:40:55','2024-10-20 03:40:55',0,0),(94,'cohere/command-r-plus','chat','OpenRouter',128000,'LLM CHAT 125K','1','2024-10-20 03:40:55','2024-10-20 03:40:55',0,0),(95,'command','chat','cohere',4096,'LLM,CHAT,4k','1','2024-10-20 03:40:55','2024-10-20 03:40:55',0,0),(96,'command-light','chat','cohere',4096,'LLM,CHAT,4k','1','2024-10-20 03:40:55','2024-10-20 03:40:55',0,0),(97,'command-light-nightly','chat','cohere',4096,'LLM,CHAT,4k','1','2024-10-20 03:40:55','2024-10-20 03:40:55',0,0),(98,'command-nightly','chat','cohere',131072,'LLM,CHAT,128k','1','2024-10-20 03:40:55','2024-10-20 03:40:55',0,0),(99,'command-r','chat','cohere',131072,'LLM,CHAT,128k','1','2024-10-20 03:40:55','2024-10-20 03:40:55',0,0),(100,'command-r-plus','chat','cohere',131072,'LLM,CHAT,128k','1','2024-10-20 03:40:55','2024-10-20 03:40:55',0,0),(101,'databricks/dbrx-instruct','chat','NVIDIA',16384,'LLM,CHAT,16K','1','2024-10-20 03:40:55','2024-10-20 03:40:55',0,0),(102,'databricks/dbrx-instruct','chat','OpenRouter',32768,'LLM CHAT 32K','1','2024-10-20 03:40:55','2024-10-20 03:40:55',0,0),(103,'deepseek-ai/DeepSeek-Coder-V2-Instruct','chat','SILICONFLOW',32768,'LLM,CHAT,32k','1','2024-10-20 03:40:55','2024-10-20 03:40:55',0,0),(104,'deepseek-ai/deepseek-llm-67b-chat','chat','SILICONFLOW',4096,'LLM,CHAT,4k','1','2024-10-20 03:40:55','2024-10-20 03:40:55',0,0),(105,'deepseek-ai/DeepSeek-V2-Chat','chat','SILICONFLOW',32768,'LLM,CHAT,32k','1','2024-10-20 03:40:55','2024-10-20 03:40:55',0,0),(106,'deepseek-chat','chat','DeepSeek',32768,'LLM,CHAT,','1','2024-10-20 03:40:55','2024-10-20 03:40:55',0,0),(107,'deepseek-coder','chat','DeepSeek',16385,'LLM,CHAT,','1','2024-10-20 03:40:55','2024-10-20 03:40:55',0,0),(108,'deepseek-v2-chat','chat','PerfXCloud',4096,'LLM,CHAT,4k','1','2024-10-20 03:40:55','2024-10-20 03:40:55',0,0),(109,'deepseek-v2-lite-chat','chat','PerfXCloud',2048,'LLM,CHAT,2k','1','2024-10-20 03:40:55','2024-10-20 03:40:55',0,0),(110,'deepseek/deepseek-chat','chat','OpenRouter',128000,'LLM CHAT 125K','1','2024-10-20 03:40:55','2024-10-20 03:40:55',0,0),(111,'deepseek/deepseek-coder','chat','OpenRouter',128000,'LLM CHAT 125K','1','2024-10-20 03:40:55','2024-10-20 03:40:55',0,0),(112,'dolphin-mixtral-8x7b','chat','LeptonAI',32768,'LLM,CHAT,32k','1','2024-10-20 03:40:55','2024-10-20 03:40:55',0,0),(113,'Doubao-pro-128k','chat','VolcEngine',131072,'LLM,CHAT,128k','1','2024-10-20 03:40:55','2024-10-20 03:40:55',0,0),(114,'Doubao-pro-32k','chat','VolcEngine',32768,'LLM,CHAT,32k','1','2024-10-20 03:40:55','2024-10-20 03:40:55',0,0),(115,'Doubao-pro-4k','chat','VolcEngine',4096,'LLM,CHAT,4k','1','2024-10-20 03:40:55','2024-10-20 03:40:55',0,0),(116,'embed-english-light-v2.0','embedding','cohere',512,'TEXT EMBEDDING','1','2024-10-20 03:40:55','2024-10-20 03:40:55',0,0),(117,'embed-english-light-v3.0','embedding','cohere',512,'TEXT EMBEDDING','1','2024-10-20 03:40:55','2024-10-20 03:40:55',0,0),(118,'embed-english-v2.0','embedding','cohere',512,'TEXT EMBEDDING','1','2024-10-20 03:40:55','2024-10-20 03:40:55',0,0),(119,'embed-english-v3.0','embedding','cohere',512,'TEXT EMBEDDING','1','2024-10-20 03:40:55','2024-10-20 03:40:55',0,0),(120,'embed-multilingual-light-v3.0','embedding','cohere',512,'TEXT EMBEDDING','1','2024-10-20 03:40:55','2024-10-20 03:40:55',0,0),(121,'embed-multilingual-v2.0','embedding','cohere',256,'TEXT EMBEDDING','1','2024-10-20 03:40:55','2024-10-20 03:40:55',0,0),(122,'embed-multilingual-v3.0','embedding','cohere',512,'TEXT EMBEDDING','1','2024-10-20 03:40:55','2024-10-20 03:40:55',0,0),(123,'embedding-2','embedding','ZHIPU-AI',512,'TEXT EMBEDDING','1','2024-10-20 03:40:55','2024-10-20 03:40:55',0,0),(124,'embedding-3','embedding','ZHIPU-AI',512,'TEXT EMBEDDING','1','2024-10-20 03:40:55','2024-10-20 03:40:55',0,0),(125,'fireworks/firellava-13b','image2text','OpenRouter',4096,'LLM IMAGE2TEXT 4K','1','2024-10-20 03:40:55','2024-10-20 03:40:55',0,0),(126,'gemini-1.0-pro','chat','Gemini',30720,'LLM,CHAT,30K','1','2024-10-20 03:40:55','2024-10-20 03:40:55',0,0),(127,'gemini-1.0-pro-vision-latest','image2text','Gemini',12288,'LLM,IMAGE2TEXT,12K','1','2024-10-20 03:40:55','2024-10-20 03:40:55',0,0),(128,'gemini-1.5-flash-latest','chat','Gemini',1048576,'LLM,CHAT,1024K','1','2024-10-20 03:40:55','2024-10-20 03:40:55',0,0),(129,'gemini-1.5-pro-latest','chat','Gemini',1048576,'LLM,CHAT,1024K','1','2024-10-20 03:40:55','2024-10-20 03:40:55',0,0),(130,'gemma-7b','chat','LeptonAI',8192,'LLM,CHAT,8k','1','2024-10-20 03:40:55','2024-10-20 03:40:55',0,0),(131,'gemma-7b-it','chat','Groq',8192,'LLM,CHAT,15k','1','2024-10-20 03:40:55','2024-10-20 03:40:55',0,0),(132,'gemma2-9b-it','chat','Groq',8192,'LLM,CHAT,15k','1','2024-10-20 03:40:55','2024-10-20 03:40:55',0,0),(133,'glm-3-turbo','chat','ZHIPU-AI',128000,'LLM,CHAT,','1','2024-10-20 03:40:55','2024-10-20 03:40:55',0,0),(134,'glm-4','chat','ZHIPU-AI',128000,'LLM,CHAT,','1','2024-10-20 03:40:55','2024-10-20 03:40:55',0,0),(135,'glm-4-air','chat','ZHIPU-AI',128000,'LLM,CHAT,','1','2024-10-20 03:40:55','2024-10-20 03:40:55',0,0),(136,'glm-4-airx','chat','ZHIPU-AI',8000,'LLM,CHAT,','1','2024-10-20 03:40:55','2024-10-20 03:40:55',0,0),(137,'glm-4-flash','chat','ZHIPU-AI',128000,'LLM,CHAT,','1','2024-10-20 03:40:55','2024-10-20 03:40:55',0,0),(138,'glm-4-long','chat','ZHIPU-AI',1000000,'LLM,CHAT,','1','2024-10-20 03:40:55','2024-10-20 03:40:55',0,0),(139,'glm-4v','image2text','ZHIPU-AI',2000,'LLM,CHAT,IMAGE2TEXT','1','2024-10-20 03:40:55','2024-10-20 03:40:55',0,0),(140,'google/deplot','image2text','NVIDIA',4096,'LLM,IMAGE2TEXT,4K','1','2024-10-20 03:40:55','2024-10-20 03:40:55',0,0),(141,'google/gemini-flash-1.5','image2text','OpenRouter',2800000,'LLM IMAGE2TEXT 2734K','1','2024-10-20 03:40:55','2024-10-20 03:40:55',0,0),(142,'google/gemini-pro','chat','OpenRouter',91728,'LLM CHAT 89K','1','2024-10-20 03:40:55','2024-10-20 03:40:55',0,0),(143,'google/gemini-pro-1.5','image2text','OpenRouter',2800000,'LLM IMAGE2TEXT 2734K','1','2024-10-20 03:40:55','2024-10-20 03:40:55',0,0),(144,'google/gemini-pro-vision','image2text','OpenRouter',45875,'LLM IMAGE2TEXT 44K','1','2024-10-20 03:40:55','2024-10-20 03:40:55',0,0),(145,'google/gemma-2-27b-it','chat','NVIDIA',8192,'LLM,CHAT,8K','1','2024-10-20 03:40:55','2024-10-20 03:40:55',0,0),(146,'google/gemma-2-27b-it','chat','SILICONFLOW',8192,'LLM,CHAT,8k','1','2024-10-20 03:40:55','2024-10-20 03:40:55',0,0),(147,'google/gemma-2-9b-it','chat','novita.ai',8192,'LLM,CHAT,8k','1','2024-10-20 03:40:55','2024-10-20 03:40:55',0,0),(148,'google/gemma-2-9b-it','chat','NVIDIA',8192,'LLM,CHAT,8K','1','2024-10-20 03:40:55','2024-10-20 03:40:55',0,0),(149,'google/gemma-2-9b-it','chat','OpenRouter',8192,'LLM CHAT 8K','1','2024-10-20 03:40:55','2024-10-20 03:40:55',0,0),(150,'google/gemma-2-9b-it','chat','SILICONFLOW',8192,'LLM,CHAT,8k','1','2024-10-20 03:40:55','2024-10-20 03:40:55',0,0),(151,'google/gemma-2-9b-it:free','chat','OpenRouter',8192,'LLM CHAT 8K','1','2024-10-20 03:40:55','2024-10-20 03:40:55',0,0),(152,'google/gemma-2b','chat','NVIDIA',16384,'LLM,CHAT,16K','1','2024-10-20 03:40:55','2024-10-20 03:40:55',0,0),(153,'google/gemma-7b','chat','NVIDIA',32768,'LLM,CHAT,32K','1','2024-10-20 03:40:55','2024-10-20 03:40:55',0,0),(154,'google/gemma-7b-it','chat','OpenRouter',8192,'LLM CHAT 8K','1','2024-10-20 03:40:55','2024-10-20 03:40:55',0,0),(155,'google/gemma-7b-it:free','chat','OpenRouter',8192,'LLM CHAT 8K','1','2024-10-20 03:40:55','2024-10-20 03:40:55',0,0),(156,'google/gemma-7b-it:nitro','chat','OpenRouter',8192,'LLM CHAT 8K','1','2024-10-20 03:40:55','2024-10-20 03:40:55',0,0),(157,'google/paligemma','image2text','NVIDIA',4096,'LLM,IMAGE2TEXT,4K','1','2024-10-20 03:40:55','2024-10-20 03:40:55',0,0),(158,'google/palm-2-chat-bison','chat','OpenRouter',25804,'LLM CHAT 25K','1','2024-10-20 03:40:55','2024-10-20 03:40:55',0,0),(159,'google/palm-2-chat-bison-32k','chat','OpenRouter',91750,'LLM CHAT 89K','1','2024-10-20 03:40:55','2024-10-20 03:40:55',0,0),(160,'google/palm-2-codechat-bison','chat','OpenRouter',20070,'LLM CHAT 19K','1','2024-10-20 03:40:55','2024-10-20 03:40:55',0,0),(161,'google/palm-2-codechat-bison-32k','chat','OpenRouter',91750,'LLM CHAT 89K','1','2024-10-20 03:40:55','2024-10-20 03:40:55',0,0),(162,'google/recurrentgemma-2b','chat','NVIDIA',4096,'LLM,CHAT,4K','1','2024-10-20 03:40:55','2024-10-20 03:40:55',0,0),(163,'gpt-3.5-turbo','chat','OpenAI',4096,'LLM,CHAT,4K','1','2024-10-20 03:40:55','2024-10-20 03:40:55',0,0),(164,'gpt-3.5-turbo-16k-0613','chat','OpenAI',16385,'LLM,CHAT,16k','1','2024-10-20 03:40:55','2024-10-20 03:40:55',0,0),(165,'gpt-35-turbo','chat','Azure-OpenAI',4096,'LLM,CHAT,4K','1','2024-10-20 03:40:55','2024-10-20 03:40:55',0,0),(166,'gpt-35-turbo-16k','chat','Azure-OpenAI',16385,'LLM,CHAT,16k','1','2024-10-20 03:40:55','2024-10-20 03:40:55',0,0),(167,'gpt-4','chat','Azure-OpenAI',8191,'LLM,CHAT,8K','1','2024-10-20 03:40:55','2024-10-20 03:40:55',0,0),(168,'gpt-4','chat','OpenAI',8191,'LLM,CHAT,8K','1','2024-10-20 03:40:55','2024-10-20 03:40:55',0,0),(169,'gpt-4-32k','chat','Azure-OpenAI',32768,'LLM,CHAT,32K','1','2024-10-20 03:40:55','2024-10-20 03:40:55',0,0),(170,'gpt-4-32k','chat','OpenAI',32768,'LLM,CHAT,32K','1','2024-10-20 03:40:55','2024-10-20 03:40:55',0,0),(171,'gpt-4-turbo','chat','Azure-OpenAI',8191,'LLM,CHAT,8K','1','2024-10-20 03:40:55','2024-10-20 03:40:55',0,0),(172,'gpt-4-turbo','chat','OpenAI',8191,'LLM,CHAT,8K','1','2024-10-20 03:40:55','2024-10-20 03:40:55',0,0),(173,'gpt-4-vision-preview','image2text','Azure-OpenAI',765,'LLM,CHAT,IMAGE2TEXT','1','2024-10-20 03:40:55','2024-10-20 03:40:55',0,0),(174,'gpt-4-vision-preview','image2text','OpenAI',765,'LLM,CHAT,IMAGE2TEXT','1','2024-10-20 03:40:55','2024-10-20 03:40:55',0,0),(175,'gpt-4o','chat,image2text','Azure-OpenAI',128000,'LLM,CHAT,128K','1','2024-10-20 03:40:55','2024-10-20 03:40:55',0,0),(176,'gpt-4o','chat','OpenAI',128000,'LLM,CHAT,128K','1','2024-10-20 03:40:55','2024-10-20 03:40:55',0,0),(177,'gpt-4o-mini','image2text','Azure-OpenAI',128000,'LLM,CHAT,128K','1','2024-10-20 03:40:55','2024-10-20 03:40:55',0,0),(178,'gpt-4o-mini','chat','OpenAI',128000,'LLM,CHAT,128K','1','2024-10-20 03:40:55','2024-10-20 03:40:55',0,0),(179,'gryphe/mythomax-l2-13b','chat','novita.ai',4096,'LLM,CHAT,4k','1','2024-10-20 03:40:55','2024-10-20 03:40:55',0,0),(180,'gryphe/mythomax-l2-13b','chat','OpenRouter',4096,'LLM CHAT 4K','1','2024-10-20 03:40:55','2024-10-20 03:40:55',0,0),(181,'gryphe/mythomax-l2-13b:extended','chat','OpenRouter',8192,'LLM CHAT 8K','1','2024-10-20 03:40:55','2024-10-20 03:40:55',0,0),(182,'gryphe/mythomax-l2-13b:nitro','chat','OpenRouter',4096,'LLM CHAT 4K','1','2024-10-20 03:40:55','2024-10-20 03:40:55',0,0),(183,'gryphe/mythomist-7b','chat','OpenRouter',32768,'LLM CHAT 32K','1','2024-10-20 03:40:55','2024-10-20 03:40:55',0,0),(184,'gryphe/mythomist-7b:free','chat','OpenRouter',32768,'LLM CHAT 32K','1','2024-10-20 03:40:55','2024-10-20 03:40:55',0,0),(185,'huggingfaceh4/zephyr-7b-beta:free','chat','OpenRouter',4096,'LLM CHAT 4K','1','2024-10-20 03:40:55','2024-10-20 03:40:55',0,0),(186,'hunyuan-lite','chat','Tencent Hunyuan',262144,'LLM,CHAT,256k','1','2024-10-20 03:40:55','2024-10-20 03:40:55',0,0),(187,'hunyuan-pro','chat','Tencent Hunyuan',32768,'LLM,CHAT,32k','1','2024-10-20 03:40:55','2024-10-20 03:40:55',0,0),(188,'hunyuan-standard','chat','Tencent Hunyuan',32768,'LLM,CHAT,32k','1','2024-10-20 03:40:55','2024-10-20 03:40:55',0,0),(189,'hunyuan-standard-256K','chat','Tencent Hunyuan',262144,'LLM,CHAT,256k','1','2024-10-20 03:40:55','2024-10-20 03:40:55',0,0),(190,'hunyuan-vision','image2text','Tencent Hunyuan',8192,'LLM,IMAGE2TEXT,8k','1','2024-10-20 03:40:55','2024-10-20 03:40:55',0,0),(191,'Iiuhaotian/Ilava-v1.6-34b','image2text','NVIDIA',4096,'LLM,IMAGE2TEXT,4K','1','2024-10-20 03:40:55','2024-10-20 03:40:55',0,0),(192,'Iiuhaotian/Ilava-v1.6-mistral-7b','image2text','NVIDIA',4096,'LLM,IMAGE2TEXT,4K','1','2024-10-20 03:40:55','2024-10-20 03:40:55',0,0),(193,'intel/neural-chat-7b','chat','OpenRouter',4096,'LLM CHAT 4K','1','2024-10-20 03:40:55','2024-10-20 03:40:55',0,0),(194,'internlm/internlm2_5-20b-chat','chat','SILICONFLOW',32768,'LLM,CHAT,32k','1','2024-10-20 03:40:55','2024-10-20 03:40:55',0,0),(195,'internlm/internlm2_5-7b-chat','chat','SILICONFLOW',32768,'LLM,CHAT,32k','1','2024-10-20 03:40:55','2024-10-20 03:40:55',0,0),(196,'jina-colbert-v1-en','rerank','Jina',8196,'RE-RANK,8k','1','2024-10-20 03:40:55','2024-10-20 03:40:55',0,0),(197,'jina-embeddings-v2-base-code','embedding','Jina',8196,'TEXT EMBEDDING','1','2024-10-20 03:40:55','2024-10-20 03:40:55',0,0),(198,'jina-embeddings-v2-base-de','embedding','Jina',8196,'TEXT EMBEDDING','1','2024-10-20 03:40:55','2024-10-20 03:40:55',0,0),(199,'jina-embeddings-v2-base-en','embedding','Jina',8196,'TEXT EMBEDDING','1','2024-10-20 03:40:55','2024-10-20 03:40:55',0,0),(200,'jina-embeddings-v2-base-es','embedding','Jina',8196,'TEXT EMBEDDING','1','2024-10-20 03:40:55','2024-10-20 03:40:55',0,0),(201,'jina-embeddings-v2-base-zh','embedding','Jina',8196,'TEXT EMBEDDING','1','2024-10-20 03:40:55','2024-10-20 03:40:55',0,0),(202,'jina-reranker-v1-base-en','rerank','Jina',8196,'RE-RANK,8k','1','2024-10-20 03:40:55','2024-10-20 03:40:55',0,0),(203,'jina-reranker-v1-tiny-en','rerank','Jina',8196,'RE-RANK,8k','1','2024-10-20 03:40:55','2024-10-20 03:40:55',0,0),(204,'jina-reranker-v1-turbo-en','rerank','Jina',8196,'RE-RANK,8k','1','2024-10-20 03:40:55','2024-10-20 03:40:55',0,0),(205,'jinaai/jina-embeddings-v2-base-en','embedding','FastEmbed',2147483647,'TEXT EMBEDDING,','1','2024-10-20 03:40:55','2024-10-20 03:40:55',0,0),(206,'jinaai/jina-embeddings-v2-small-en','embedding','FastEmbed',2147483647,'TEXT EMBEDDING,','1','2024-10-20 03:40:55','2024-10-20 03:40:55',0,0),(207,'jondurbin/airoboros-l2-70b','chat','novita.ai',4096,'LLM,CHAT,4k','1','2024-10-20 03:40:55','2024-10-20 03:40:55',0,0),(208,'koboldai/psyfighter-13b-2','chat','OpenRouter',4096,'LLM CHAT 4K','1','2024-10-20 03:40:55','2024-10-20 03:40:55',0,0),(209,'liuhaotian/llava-yi-34b','image2text','OpenRouter',4096,'LLM IMAGE2TEXT 4K','1','2024-10-20 03:40:55','2024-10-20 03:40:55',0,0),(210,'lizpreciatior/lzlv-70b-fp16-hf','chat','OpenRouter',4096,'LLM CHAT 4K','1','2024-10-20 03:40:55','2024-10-20 03:40:55',0,0),(211,'llama-3.1-70b-versatile','chat','Groq',131072,'LLM,CHAT,128k','1','2024-10-20 03:40:55','2024-10-20 03:40:55',0,0),(212,'llama-3.1-8b-instant','chat','Groq',131072,'LLM,CHAT,128k','1','2024-10-20 03:40:55','2024-10-20 03:40:55',0,0),(213,'llama2-13b','chat','LeptonAI',4096,'LLM,CHAT,4K','1','2024-10-20 03:40:55','2024-10-20 03:40:55',0,0),(214,'llama3-1-405b','chat','LeptonAI',8192,'LLM,CHAT,8k','1','2024-10-20 03:40:55','2024-10-20 03:40:55',0,0),(215,'llama3-1-70b','chat','LeptonAI',8192,'LLM,CHAT,8k','1','2024-10-20 03:40:55','2024-10-20 03:40:55',0,0),(216,'llama3-1-8b','chat','LeptonAI',4096,'LLM,CHAT,4k','1','2024-10-20 03:40:55','2024-10-20 03:40:55',0,0),(217,'llama3-70b','chat','LeptonAI',8192,'LLM,CHAT,8k','1','2024-10-20 03:40:55','2024-10-20 03:40:55',0,0),(218,'llama3-70b-8192','chat','Groq',8192,'LLM,CHAT,6k','1','2024-10-20 03:40:55','2024-10-20 03:40:55',0,0),(219,'llama3-8b','chat','LeptonAI',8192,'LLM,CHAT,8K','1','2024-10-20 03:40:55','2024-10-20 03:40:55',0,0),(220,'llama3-8b-8192','chat','Groq',8192,'LLM,CHAT,30k','1','2024-10-20 03:40:55','2024-10-20 03:40:55',0,0),(221,'Llama3-Chinese_v2','chat','PerfXCloud',8192,'LLM,CHAT,8k','1','2024-10-20 03:40:55','2024-10-20 03:40:55',0,0),(222,'llama3.1:405b','chat','PerfXCloud',131072,'LLM,CHAT,128k','1','2024-10-20 03:40:55','2024-10-20 03:40:55',0,0),(223,'lynn/soliloquy-l3','chat','OpenRouter',24576,'LLM CHAT 24K','1','2024-10-20 03:40:55','2024-10-20 03:40:55',0,0),(224,'lzlv_70b','chat','novita.ai',4096,'LLM,CHAT,4k','1','2024-10-20 03:40:55','2024-10-20 03:40:55',0,0),(225,'maidalun1020/bce-embedding-base_v1','embedding','Youdao',512,'TEXT EMBEDDING,','1','2024-10-20 03:40:55','2024-10-20 03:40:55',0,0),(226,'maidalun1020/bce-reranker-base_v1','rerank','Youdao',512,'RE-RANK, 512','1','2024-10-20 03:40:55','2024-10-20 03:40:55',0,0),(227,'mancer/weaver','chat','OpenRouter',8000,'LLM CHAT 8K','1','2024-10-20 03:40:55','2024-10-20 03:40:55',0,0),(228,'mediatek/breeze-7b-instruct','chat','NVIDIA',8192,'LLM,CHAT,8K','1','2024-10-20 03:40:55','2024-10-20 03:40:55',0,0),(229,'Meta-Llama-3-70B-Instruct-GPTQ-Int4','chat','PerfXCloud',1024,'LLM,CHAT,1k','1','2024-10-20 03:40:55','2024-10-20 03:40:55',0,0),(230,'Meta-Llama-3-8B-Instruct','chat','PerfXCloud',8192,'LLM,CHAT,8k','1','2024-10-20 03:40:55','2024-10-20 03:40:55',0,0),(231,'Meta-Llama-3.1-8B-Instruct','chat','PerfXCloud',4096,'LLM,CHAT,4k','1','2024-10-20 03:40:55','2024-10-20 03:40:55',0,0),(232,'meta-llama/codellama-34b-instruct','chat','OpenRouter',8192,'LLM CHAT 8K','1','2024-10-20 03:40:55','2024-10-20 03:40:55',0,0),(233,'meta-llama/codellama-70b-instruct','chat','OpenRouter',2048,'LLM CHAT 2K','1','2024-10-20 03:40:55','2024-10-20 03:40:55',0,0),(234,'meta-llama/llama-2-13b-chat','chat','OpenRouter',4096,'LLM CHAT 4K','1','2024-10-20 03:40:55','2024-10-20 03:40:55',0,0),(235,'meta-llama/llama-2-70b-chat','chat','OpenRouter',4096,'LLM CHAT 4K','1','2024-10-20 03:40:55','2024-10-20 03:40:55',0,0),(236,'meta-llama/llama-2-70b-chat:nitro','chat','OpenRouter',4096,'LLM CHAT 4K','1','2024-10-20 03:40:55','2024-10-20 03:40:55',0,0),(237,'meta-llama/llama-3-70b','chat','OpenRouter',8192,'LLM CHAT 8K','1','2024-10-20 03:40:55','2024-10-20 03:40:55',0,0),(238,'meta-llama/llama-3-70b-instruct','chat','novita.ai',8192,'LLM,CHAT,8k','1','2024-10-20 03:40:55','2024-10-20 03:40:55',0,0),(239,'meta-llama/llama-3-70b-instruct','chat','OpenRouter',8192,'LLM CHAT 8K','1','2024-10-20 03:40:55','2024-10-20 03:40:55',0,0),(240,'meta-llama/llama-3-70b-instruct:nitro','chat','OpenRouter',8192,'LLM CHAT 8K','1','2024-10-20 03:40:55','2024-10-20 03:40:55',0,0),(241,'meta-llama/llama-3-8b','chat','OpenRouter',8192,'LLM CHAT 8K','1','2024-10-20 03:40:55','2024-10-20 03:40:55',0,0),(242,'meta-llama/llama-3-8b-instruct','chat','novita.ai',8192,'LLM,CHAT,8k','1','2024-10-20 03:40:55','2024-10-20 03:40:55',0,0),(243,'meta-llama/llama-3-8b-instruct','chat','OpenRouter',8192,'LLM CHAT 8K','1','2024-10-20 03:40:55','2024-10-20 03:40:55',0,0),(244,'meta-llama/llama-3-8b-instruct:extended','chat','OpenRouter',16384,'LLM CHAT 16K','1','2024-10-20 03:40:55','2024-10-20 03:40:55',0,0),(245,'meta-llama/llama-3-8b-instruct:free','chat','OpenRouter',8192,'LLM CHAT 8K','1','2024-10-20 03:40:55','2024-10-20 03:40:55',0,0),(246,'meta-llama/llama-3-8b-instruct:nitro','chat','OpenRouter',8192,'LLM CHAT 8K','1','2024-10-20 03:40:55','2024-10-20 03:40:55',0,0),(247,'meta-llama/llama-3.1-405b-instruct','chat','novita.ai',32768,'LLM,CHAT,32k','1','2024-10-20 03:40:55','2024-10-20 03:40:55',0,0),(248,'meta-llama/llama-3.1-70b-instruct','chat','novita.ai',8192,'LLM,CHAT,8k','1','2024-10-20 03:40:55','2024-10-20 03:40:55',0,0),(249,'meta-llama/llama-3.1-8b-instruct','chat','novita.ai',8192,'LLM,CHAT,8k','1','2024-10-20 03:40:55','2024-10-20 03:40:55',0,0),(250,'meta-llama/llama-guard-2-8b','chat','OpenRouter',8192,'LLM CHAT 8K','1','2024-10-20 03:40:55','2024-10-20 03:40:55',0,0),(251,'meta-llama/Meta-Llama-3-70B-Instruct','chat','SILICONFLOW',32768,'LLM,CHAT,32k','1','2024-10-20 03:40:55','2024-10-20 03:40:55',0,0),(252,'meta-llama/Meta-Llama-3-8B-Instruct','chat','SILICONFLOW',8192,'LLM,CHAT,8k','1','2024-10-20 03:40:55','2024-10-20 03:40:55',0,0),(253,'meta-llama/Meta-Llama-3.1-405B-Instruct','chat','SILICONFLOW',32768,'LLM,CHAT,32k','1','2024-10-20 03:40:55','2024-10-20 03:40:55',0,0),(254,'meta-llama/Meta-Llama-3.1-70B-Instruct','chat','SILICONFLOW',32768,'LLM,CHAT,32k','1','2024-10-20 03:40:55','2024-10-20 03:40:55',0,0),(255,'meta-llama/Meta-Llama-3.1-8B-Instruct','chat','SILICONFLOW',8192,'LLM,CHAT,8k','1','2024-10-20 03:40:55','2024-10-20 03:40:55',0,0),(256,'meta.llama2-13b-chat-v1','chat','Bedrock',4096,'LLM,CHAT,4k','1','2024-10-20 03:40:55','2024-10-20 03:40:55',0,0),(257,'meta.llama2-70b-chat-v1','chat','Bedrock',4096,'LLM,CHAT,4k','1','2024-10-20 03:40:55','2024-10-20 03:40:55',0,0),(258,'meta.llama3-70b-instruct-v1:0','chat','Bedrock',8192,'LLM,CHAT,8k','1','2024-10-20 03:40:55','2024-10-20 03:40:55',0,0),(259,'meta.llama3-8b-instruct-v1:0','chat','Bedrock',8192,'LLM,CHAT,8k','1','2024-10-20 03:40:55','2024-10-20 03:40:55',0,0),(260,'meta/llama2-70b','chat','NVIDIA',4096,'LLM,CHAT,4K','1','2024-10-20 03:40:55','2024-10-20 03:40:55',0,0),(261,'meta/llama3-70b','chat','NVIDIA',8192,'LLM,CHAT,8K','1','2024-10-20 03:40:55','2024-10-20 03:40:55',0,0),(262,'meta/llama3-8b','chat','NVIDIA',8192,'LLM,CHAT,8K','1','2024-10-20 03:40:55','2024-10-20 03:40:55',0,0),(263,'microsoft/kosmos-2','image2text','NVIDIA',4096,'LLM,IMAGE2TEXT,4K','1','2024-10-20 03:40:55','2024-10-20 03:40:55',0,0),(264,'microsoft/phi-3-medium-128k-instruct','chat','NVIDIA',131072,'LLM,CHAT,128K','1','2024-10-20 03:40:55','2024-10-20 03:40:55',0,0),(265,'microsoft/phi-3-medium-128k-instruct','chat','OpenRouter',128000,'LLM CHAT 125K','1','2024-10-20 03:40:55','2024-10-20 03:40:55',0,0),(266,'microsoft/phi-3-medium-128k-instruct:free','chat','OpenRouter',128000,'LLM CHAT 125K','1','2024-10-20 03:40:55','2024-10-20 03:40:55',0,0),(267,'microsoft/phi-3-medium-4k-instruct','chat','NVIDIA',4096,'LLM,CHAT,4K','1','2024-10-20 03:40:55','2024-10-20 03:40:55',0,0),(268,'microsoft/phi-3-medium-4k-instruct','chat','OpenRouter',4000,'LLM CHAT 4K','1','2024-10-20 03:40:55','2024-10-20 03:40:55',0,0),(269,'microsoft/phi-3-mini-128k-instruct','chat','OpenRouter',128000,'LLM CHAT 125K','1','2024-10-20 03:40:55','2024-10-20 03:40:55',0,0),(270,'microsoft/phi-3-mini-128k-instruct:free','chat','OpenRouter',128000,'LLM CHAT 125K','1','2024-10-20 03:40:55','2024-10-20 03:40:55',0,0),(271,'microsoft/phi-3-mini-4k-instruct','chat','NVIDIA',4096,'LLM,CHAT,4K','1','2024-10-20 03:40:55','2024-10-20 03:40:55',0,0),(272,'microsoft/phi-3-small-128k-instruct','chat','NVIDIA',131072,'LLM,CHAT,128K','1','2024-10-20 03:40:55','2024-10-20 03:40:55',0,0),(273,'microsoft/phi-3-small-8k-instruct','chat','NVIDIA',8192,'LLM,CHAT,8K','1','2024-10-20 03:40:55','2024-10-20 03:40:55',0,0),(274,'microsoft/phi-3-vision-128k-instruct','image2text','NVIDIA',131072,'LLM,IMAGE2TEXT,128K','1','2024-10-20 03:40:55','2024-10-20 03:40:55',0,0),(275,'microsoft/wizardlm-2-7b','chat','novita.ai',32768,'LLM,CHAT,32k','1','2024-10-20 03:40:55','2024-10-20 03:40:55',0,0),(276,'microsoft/wizardlm-2-7b','chat','OpenRouter',32000,'LLM CHAT 32K','1','2024-10-20 03:40:55','2024-10-20 03:40:55',0,0),(277,'microsoft/wizardlm-2-8x22b','chat','novita.ai',65535,'LLM,CHAT,64k','1','2024-10-20 03:40:55','2024-10-20 03:40:55',0,0),(278,'microsoft/wizardlm-2-8x22b','chat','OpenRouter',65536,'LLM CHAT 64K','1','2024-10-20 03:40:55','2024-10-20 03:40:55',0,0),(279,'microsoftphi-3-mini-128k-instruct','chat','NVIDIA',131072,'LLM,CHAT,128K','1','2024-10-20 03:40:55','2024-10-20 03:40:55',0,0),(280,'MindChat-Qwen-7B-v2','chat','PerfXCloud',2048,'LLM,CHAT,2k','1','2024-10-20 03:40:55','2024-10-20 03:40:55',0,0),(281,'mistral-7b','chat','LeptonAI',8192,'LLM,CHAT,8K','1','2024-10-20 03:40:55','2024-10-20 03:40:55',0,0),(282,'Mistral-7B-Instruct','chat','PerfXCloud',32768,'LLM,CHAT,32k','1','2024-10-20 03:40:55','2024-10-20 03:40:55',0,0),(283,'mistral-8x7b','chat','LeptonAI',8192,'LLM,CHAT,8K','1','2024-10-20 03:40:55','2024-10-20 03:40:55',0,0),(284,'mistral-embed','embedding','Mistral',8192,'LLM,CHAT,8k','1','2024-10-20 03:40:55','2024-10-20 03:40:55',0,0),(285,'mistral-large-latest','chat','Mistral',32000,'LLM,CHAT,32k','1','2024-10-20 03:40:55','2024-10-20 03:40:55',0,0),(286,'mistral-medium-latest','chat','Mistral',32000,'LLM,CHAT,32k','1','2024-10-20 03:40:55','2024-10-20 03:40:55',0,0),(287,'mistral-small-latest','chat','Mistral',32000,'LLM,CHAT,32k','1','2024-10-20 03:40:55','2024-10-20 03:40:55',0,0),(288,'mistral.mistral-7b-instruct-v0:2','chat','Bedrock',8192,'LLM,CHAT,8k','1','2024-10-20 03:40:55','2024-10-20 03:40:55',0,0),(289,'mistral.mistral-large-2402-v1:0','chat','Bedrock',8192,'LLM,CHAT,8k','1','2024-10-20 03:40:55','2024-10-20 03:40:55',0,0),(290,'mistral.mistral-small-2402-v1:0','chat','Bedrock',8192,'LLM,CHAT,8k','1','2024-10-20 03:40:55','2024-10-20 03:40:55',0,0),(291,'mistral.mixtral-8x7b-instruct-v0:1','chat','Bedrock',4096,'LLM,CHAT,4k','1','2024-10-20 03:40:55','2024-10-20 03:40:55',0,0),(292,'mistralai/mistral-7b-instruct','chat','novita.ai',32768,'LLM,CHAT,32k','1','2024-10-20 03:40:55','2024-10-20 03:40:55',0,0),(293,'mistralai/mistral-7b-instruct','chat','NVIDIA',4096,'LLM,CHAT,4K','1','2024-10-20 03:40:55','2024-10-20 03:40:55',0,0),(294,'mistralai/mistral-7b-instruct','chat','OpenRouter',32768,'LLM CHAT 32K','1','2024-10-20 03:40:55','2024-10-20 03:40:55',0,0),(295,'mistralai/mistral-7b-instruct-v0.1','chat','OpenRouter',4096,'LLM CHAT 4K','1','2024-10-20 03:40:55','2024-10-20 03:40:55',0,0),(296,'mistralai/mistral-7b-instruct-v0.2','chat','OpenRouter',32768,'LLM CHAT 32K','1','2024-10-20 03:40:55','2024-10-20 03:40:55',0,0),(297,'mistralai/Mistral-7B-Instruct-v0.2','chat','SILICONFLOW',32768,'LLM,CHAT,32k','1','2024-10-20 03:40:55','2024-10-20 03:40:55',0,0),(298,'mistralai/mistral-7b-instruct-v0.3','chat','NVIDIA',4096,'LLM,CHAT,4K','1','2024-10-20 03:40:55','2024-10-20 03:40:55',0,0),(299,'mistralai/mistral-7b-instruct-v0.3','chat','OpenRouter',32768,'LLM CHAT 32K','1','2024-10-20 03:40:55','2024-10-20 03:40:55',0,0),(300,'mistralai/mistral-7b-instruct:free','chat','OpenRouter',32768,'LLM CHAT 32K','1','2024-10-20 03:40:55','2024-10-20 03:40:55',0,0),(301,'mistralai/mistral-7b-instruct:nitro','chat','OpenRouter',32768,'LLM CHAT 32K','1','2024-10-20 03:40:55','2024-10-20 03:40:55',0,0),(302,'mistralai/mistral-large','chat','NVIDIA',32768,'LLM,CHAT,32K','1','2024-10-20 03:40:55','2024-10-20 03:40:55',0,0),(303,'mistralai/mistral-large','chat','OpenRouter',32000,'LLM CHAT 32K','1','2024-10-20 03:40:55','2024-10-20 03:40:55',0,0),(304,'mistralai/mistral-medium','chat','OpenRouter',32000,'LLM CHAT 32K','1','2024-10-20 03:40:55','2024-10-20 03:40:55',0,0),(305,'mistralai/mistral-nemo','chat','novita.ai',32768,'LLM,CHAT,32k','1','2024-10-20 03:40:55','2024-10-20 03:40:55',0,0),(306,'mistralai/mistral-small','chat','OpenRouter',32000,'LLM CHAT 32K','1','2024-10-20 03:40:55','2024-10-20 03:40:55',0,0),(307,'mistralai/mistral-tiny','chat','OpenRouter',32000,'LLM CHAT 32K','1','2024-10-20 03:40:55','2024-10-20 03:40:55',0,0),(308,'mistralai/mixtral-8x22b','chat','OpenRouter',65536,'LLM CHAT 64K','1','2024-10-20 03:40:55','2024-10-20 03:40:55',0,0),(309,'mistralai/mixtral-8x22b-instruct','chat','NVIDIA',65536,'LLM,CHAT,64K','1','2024-10-20 03:40:55','2024-10-20 03:40:55',0,0),(310,'mistralai/mixtral-8x22b-instruct','chat','OpenRouter',65536,'LLM CHAT 64K','1','2024-10-20 03:40:55','2024-10-20 03:40:55',0,0),(311,'mistralai/mixtral-8x7b','chat','OpenRouter',32768,'LLM CHAT 32K','1','2024-10-20 03:40:55','2024-10-20 03:40:55',0,0),(312,'mistralai/mixtral-8x7b-instruct','chat','NVIDIA',32768,'LLM,CHAT,32K','1','2024-10-20 03:40:55','2024-10-20 03:40:55',0,0),(313,'mistralai/mixtral-8x7b-instruct','chat','OpenRouter',32768,'LLM CHAT 32K','1','2024-10-20 03:40:55','2024-10-20 03:40:55',0,0),(314,'mistralai/Mixtral-8x7B-Instruct-v0.1','chat','SILICONFLOW',32768,'LLM,CHAT,32k','1','2024-10-20 03:40:55','2024-10-20 03:40:55',0,0),(315,'mistralai/mixtral-8x7b-instruct:nitro','chat','OpenRouter',32768,'LLM CHAT 32K','1','2024-10-20 03:40:55','2024-10-20 03:40:55',0,0),(316,'mixtral-8x7b-32768','chat','Groq',32768,'LLM,CHAT,5k','1','2024-10-20 03:40:55','2024-10-20 03:40:55',0,0),(317,'Mixtral-8x7B-Instruct-v0.1-GPTQ','chat','PerfXCloud',32768,'LLM,CHAT,32k','1','2024-10-20 03:40:55','2024-10-20 03:40:55',0,0),(318,'moonshot-v1-128k','chat','Moonshot',128000,'LLM,CHAT','1','2024-10-20 03:40:55','2024-10-20 03:40:55',0,0),(319,'moonshot-v1-32k','chat','Moonshot',32768,'LLM,CHAT,','1','2024-10-20 03:40:55','2024-10-20 03:40:55',0,0),(320,'moonshot-v1-8k','chat','Moonshot',7900,'LLM,CHAT,','1','2024-10-20 03:40:55','2024-10-20 03:40:55',0,0),(321,'netease-youdao/bce-embedding-base_v1','embedding','SILICONFLOW',512,'TEXT EMBEDDING,512','1','2024-10-20 03:40:55','2024-10-20 03:40:55',0,0),(322,'netease-youdao/bce-reranker-base_v1','rerank','SILICONFLOW',1024,'RE-RANK, 512','1','2024-10-20 03:40:55','2024-10-20 03:40:55',0,0),(323,'neversleep/llama-3-lumimaid-70b','chat','OpenRouter',8192,'LLM CHAT 8K','1','2024-10-20 03:40:55','2024-10-20 03:40:55',0,0),(324,'neversleep/llama-3-lumimaid-8b','chat','OpenRouter',24576,'LLM CHAT 24K','1','2024-10-20 03:40:55','2024-10-20 03:40:55',0,0),(325,'neversleep/llama-3-lumimaid-8b:extended','chat','OpenRouter',24576,'LLM CHAT 24K','1','2024-10-20 03:40:55','2024-10-20 03:40:55',0,0),(326,'neversleep/noromaid-20b','chat','OpenRouter',8192,'LLM CHAT 8K','1','2024-10-20 03:40:55','2024-10-20 03:40:55',0,0),(327,'neversleep/noromaid-mixtral-8x7b-instruct','chat','OpenRouter',8000,'LLM CHAT 8K','1','2024-10-20 03:40:55','2024-10-20 03:40:55',0,0),(328,'nomic-ai/nomic-embed-text-v1.5','embedding','FastEmbed',8192,'TEXT EMBEDDING,','1','2024-10-20 03:40:55','2024-10-20 03:40:55',0,0),(329,'Nous-Hermes-2-Mixtral-8x7B-DPO','chat','novita.ai',32768,'LLM,CHAT,32k','1','2024-10-20 03:40:55','2024-10-20 03:40:55',0,0),(330,'nous-hermes-llama2','chat','LeptonAI',4096,'LLM,CHAT,4k','1','2024-10-20 03:40:55','2024-10-20 03:40:55',0,0),(331,'nousresearch/hermes-2-pro-llama-3-8b','chat','novita.ai',8192,'LLM,CHAT,8k','1','2024-10-20 03:40:55','2024-10-20 03:40:55',0,0),(332,'nousresearch/hermes-2-pro-llama-3-8b','chat','OpenRouter',8192,'LLM CHAT 8K','1','2024-10-20 03:40:55','2024-10-20 03:40:55',0,0),(333,'nousresearch/hermes-2-theta-llama-3-8b','chat','OpenRouter',16384,'LLM CHAT 16K','1','2024-10-20 03:40:55','2024-10-20 03:40:55',0,0),(334,'nousresearch/nous-capybara-34b','chat','OpenRouter',200000,'LLM CHAT 195K','1','2024-10-20 03:40:55','2024-10-20 03:40:55',0,0),(335,'nousresearch/nous-capybara-7b','chat','OpenRouter',8192,'LLM CHAT 8K','1','2024-10-20 03:40:55','2024-10-20 03:40:55',0,0),(336,'nousresearch/nous-capybara-7b:free','chat','OpenRouter',8192,'LLM CHAT 8K','1','2024-10-20 03:40:55','2024-10-20 03:40:55',0,0),(337,'nousresearch/nous-hermes-2-mistral-7b-dpo','chat','OpenRouter',8192,'LLM CHAT 8K','1','2024-10-20 03:40:55','2024-10-20 03:40:55',0,0),(338,'nousresearch/nous-hermes-2-mixtral-8x7b-dpo','chat','OpenRouter',32768,'LLM CHAT 32K','1','2024-10-20 03:40:55','2024-10-20 03:40:55',0,0),(339,'nousresearch/nous-hermes-2-mixtral-8x7b-sft','chat','OpenRouter',32768,'LLM CHAT 32K','1','2024-10-20 03:40:55','2024-10-20 03:40:55',0,0),(340,'nousresearch/nous-hermes-llama2-13b','chat','novita.ai',4096,'LLM,CHAT,4k','1','2024-10-20 03:40:55','2024-10-20 03:40:55',0,0),(341,'nousresearch/nous-hermes-llama2-13b','chat','OpenRouter',4096,'LLM CHAT 4K','1','2024-10-20 03:40:55','2024-10-20 03:40:55',0,0),(342,'nousresearch/nous-hermes-yi-34b','chat','OpenRouter',4096,'LLM CHAT 4K','1','2024-10-20 03:40:55','2024-10-20 03:40:55',0,0),(343,'nv-mistralai/mistral-nemo-12b-instruct','chat','NVIDIA',131072,'LLM,CHAT,128K','1','2024-10-20 03:40:55','2024-10-20 03:40:55',0,0),(344,'nvidia/embed-qa-4','embedding','NVIDIA',512,'TEXT EMBEDDING,512','1','2024-10-20 03:40:55','2024-10-20 03:40:55',0,0),(345,'nvidia/llama3-chatqa-1.5-70b','chat','NVIDIA',4096,'LLM,CHAT,4K','1','2024-10-20 03:40:55','2024-10-20 03:40:55',0,0),(346,'nvidia/llama3-chatqa-1.5-8b','chat','NVIDIA',4096,'LLM,CHAT,4K','1','2024-10-20 03:40:55','2024-10-20 03:40:55',0,0),(347,'nvidia/nemotron-4-340b-instruct','chat','NVIDIA',4096,'LLM,CHAT,4K','1','2024-10-20 03:40:55','2024-10-20 03:40:55',0,0),(348,'nvidia/nemotron-4-340b-instruct','chat','OpenRouter',4096,'LLM CHAT 4K','1','2024-10-20 03:40:55','2024-10-20 03:40:55',0,0),(349,'nvidia/nemotron-4-340b-reward','chat','NVIDIA',4096,'LLM,CHAT,4K','1','2024-10-20 03:40:55','2024-10-20 03:40:55',0,0),(350,'nvidia/neva-22b','image2text','NVIDIA',4096,'LLM,IMAGE2TEXT,4K','1','2024-10-20 03:40:55','2024-10-20 03:40:55',0,0),(351,'nvidia/nv-embed-v1','embedding','NVIDIA',32768,'TEXT EMBEDDING,32K','1','2024-10-20 03:40:55','2024-10-20 03:40:55',0,0),(352,'nvidia/nv-embedqa-e5-v5','embedding','NVIDIA',512,'TEXT EMBEDDING,512','1','2024-10-20 03:40:55','2024-10-20 03:40:55',0,0),(353,'nvidia/nv-embedqa-mistral-7b-v2','embedding','NVIDIA',512,'TEXT EMBEDDING,512','1','2024-10-20 03:40:55','2024-10-20 03:40:55',0,0),(354,'nvidia/nv-rerankqa-mistral-4b-v3','rerank','NVIDIA',512,'RE-RANK,512','1','2024-10-20 03:40:55','2024-10-20 03:40:55',0,0),(355,'nvidia/rerank-qa-mistral-4b','rerank','NVIDIA',512,'RE-RANK,512','1','2024-10-20 03:40:55','2024-10-20 03:40:55',0,0),(356,'open-mistral-7b','chat','Mistral',32000,'LLM,CHAT,32k','1','2024-10-20 03:40:55','2024-10-20 03:40:55',0,0),(357,'open-mixtral-8x22b','chat','Mistral',64000,'LLM,CHAT,64k','1','2024-10-20 03:40:55','2024-10-20 03:40:55',0,0),(358,'open-mixtral-8x7b','chat','Mistral',32000,'LLM,CHAT,32k','1','2024-10-20 03:40:55','2024-10-20 03:40:55',0,0),(359,'open-orca/mistral-7b-openorca','chat','OpenRouter',8192,'LLM CHAT 8K','1','2024-10-20 03:40:55','2024-10-20 03:40:55',0,0),(360,'openai/gpt-3.5-turbo','chat','OpenRouter',16385,'LLM CHAT 16K','1','2024-10-20 03:40:55','2024-10-20 03:40:55',0,0),(361,'openai/gpt-3.5-turbo-0125','chat','OpenRouter',16385,'LLM CHAT 16K','1','2024-10-20 03:40:55','2024-10-20 03:40:55',0,0),(362,'openai/gpt-3.5-turbo-0301','chat','OpenRouter',4095,'LLM CHAT 4K','1','2024-10-20 03:40:55','2024-10-20 03:40:55',0,0),(363,'openai/gpt-3.5-turbo-0613','chat','OpenRouter',4095,'LLM CHAT 4K','1','2024-10-20 03:40:55','2024-10-20 03:40:55',0,0),(364,'openai/gpt-3.5-turbo-1106','chat','OpenRouter',16385,'LLM CHAT 16K','1','2024-10-20 03:40:55','2024-10-20 03:40:55',0,0),(365,'openai/gpt-3.5-turbo-16k','chat','OpenRouter',16385,'LLM CHAT 16K','1','2024-10-20 03:40:55','2024-10-20 03:40:55',0,0),(366,'openai/gpt-3.5-turbo-instruct','chat','OpenRouter',4095,'LLM CHAT 4K','1','2024-10-20 03:40:55','2024-10-20 03:40:55',0,0),(367,'openai/gpt-4','chat','OpenRouter',8191,'LLM CHAT 8K','1','2024-10-20 03:40:55','2024-10-20 03:40:55',0,0),(368,'openai/gpt-4-0314','chat','OpenRouter',8191,'LLM CHAT 8K','1','2024-10-20 03:40:55','2024-10-20 03:40:55',0,0),(369,'openai/gpt-4-1106-preview','chat','OpenRouter',128000,'LLM CHAT 125K','1','2024-10-20 03:40:55','2024-10-20 03:40:55',0,0),(370,'openai/gpt-4-32k','chat','OpenRouter',32767,'LLM CHAT 32K','1','2024-10-20 03:40:55','2024-10-20 03:40:55',0,0),(371,'openai/gpt-4-32k-0314','chat','OpenRouter',32767,'LLM CHAT 32K','1','2024-10-20 03:40:55','2024-10-20 03:40:55',0,0),(372,'openai/gpt-4-turbo','image2text','OpenRouter',128000,'LLM IMAGE2TEXT 125K','1','2024-10-20 03:40:55','2024-10-20 03:40:55',0,0),(373,'openai/gpt-4-turbo-preview','chat','OpenRouter',128000,'LLM CHAT 125K','1','2024-10-20 03:40:55','2024-10-20 03:40:55',0,0),(374,'openai/gpt-4-vision-preview','image2text','OpenRouter',128000,'LLM IMAGE2TEXT 125K','1','2024-10-20 03:40:55','2024-10-20 03:40:55',0,0),(375,'openai/gpt-4o','image2text','OpenRouter',128000,'LLM IMAGE2TEXT 125K','1','2024-10-20 03:40:55','2024-10-20 03:40:55',0,0),(376,'openai/gpt-4o-2024-05-13','image2text','OpenRouter',128000,'LLM IMAGE2TEXT 125K','1','2024-10-20 03:40:55','2024-10-20 03:40:55',0,0),(377,'openchat-3-5','chat','LeptonAI',4096,'LLM,CHAT,4k','1','2024-10-20 03:40:55','2024-10-20 03:40:55',0,0),(378,'openchat/openchat-7b','chat','novita.ai',4096,'LLM,CHAT,4k','1','2024-10-20 03:40:55','2024-10-20 03:40:55',0,0),(379,'openchat/openchat-7b','chat','OpenRouter',8192,'LLM CHAT 8K','1','2024-10-20 03:40:55','2024-10-20 03:40:55',0,0),(380,'openchat/openchat-7b:free','chat','OpenRouter',8192,'LLM CHAT 8K','1','2024-10-20 03:40:55','2024-10-20 03:40:55',0,0),(381,'openchat/openchat-8b','chat','OpenRouter',8192,'LLM CHAT 8K','1','2024-10-20 03:40:55','2024-10-20 03:40:55',0,0),(382,'openrouter/auto','chat','OpenRouter',200000,'LLM CHAT 195K','1','2024-10-20 03:40:55','2024-10-20 03:40:55',0,0),(383,'openrouter/cinematika-7b','chat','OpenRouter',8000,'LLM CHAT 8K','1','2024-10-20 03:40:55','2024-10-20 03:40:55',0,0),(384,'openrouter/flavor-of-the-week','chat','OpenRouter',32000,'LLM CHAT 32K','1','2024-10-20 03:40:55','2024-10-20 03:40:55',0,0),(385,'perplexity/llama-3-sonar-large-32k-chat','chat','OpenRouter',32768,'LLM CHAT 32K','1','2024-10-20 03:40:55','2024-10-20 03:40:55',0,0),(386,'perplexity/llama-3-sonar-large-32k-online','chat','OpenRouter',28000,'LLM CHAT 28K','1','2024-10-20 03:40:55','2024-10-20 03:40:55',0,0),(387,'perplexity/llama-3-sonar-small-32k-chat','chat','OpenRouter',32768,'LLM CHAT 32K','1','2024-10-20 03:40:55','2024-10-20 03:40:55',0,0),(388,'perplexity/llama-3-sonar-small-32k-online','chat','OpenRouter',28000,'LLM CHAT 28K','1','2024-10-20 03:40:55','2024-10-20 03:40:55',0,0),(389,'phi-2','chat','PerfXCloud',2048,'LLM,CHAT,2k','1','2024-10-20 03:40:55','2024-10-20 03:40:55',0,0),(390,'phind/phind-codellama-34b','chat','OpenRouter',4096,'LLM CHAT 4K','1','2024-10-20 03:40:55','2024-10-20 03:40:55',0,0),(391,'Pro/01-ai/Yi-1.5-6B-Chat','chat','SILICONFLOW',4096,'LLM,CHAT,4k','1','2024-10-20 03:40:55','2024-10-20 03:40:55',0,0),(392,'Pro/01-ai/Yi-1.5-9B-Chat-16K','chat','SILICONFLOW',16384,'LLM,CHAT,16k','1','2024-10-20 03:40:55','2024-10-20 03:40:55',0,0),(393,'Pro/google/gemma-2-9b-it','chat','SILICONFLOW',8192,'LLM,CHAT,8k','1','2024-10-20 03:40:55','2024-10-20 03:40:55',0,0),(394,'Pro/internlm/internlm2_5-7b-chat','chat','SILICONFLOW',32768,'LLM,CHAT,32k','1','2024-10-20 03:40:55','2024-10-20 03:40:55',0,0),(395,'Pro/meta-llama/Meta-Llama-3-8B-Instruct','chat','SILICONFLOW',8192,'LLM,CHAT,8k','1','2024-10-20 03:40:55','2024-10-20 03:40:55',0,0),(396,'Pro/meta-llama/Meta-Llama-3.1-8B-Instruct','chat','SILICONFLOW',32768,'LLM,CHAT,32k','1','2024-10-20 03:40:55','2024-10-20 03:40:55',0,0),(397,'Pro/mistralai/Mistral-7B-Instruct-v0.2','chat','SILICONFLOW',32768,'LLM,CHAT,32k','1','2024-10-20 03:40:55','2024-10-20 03:40:55',0,0),(398,'Pro/Qwen/Qwen1.5-7B-Chat','chat','SILICONFLOW',32768,'LLM,CHAT,32k','1','2024-10-20 03:40:55','2024-10-20 03:40:55',0,0),(399,'Pro/Qwen/Qwen2-1.5B-Instruct','chat','SILICONFLOW',32768,'LLM,CHAT,32k','1','2024-10-20 03:40:55','2024-10-20 03:40:55',0,0),(400,'Pro/Qwen/Qwen2-7B-Instruct','chat','SILICONFLOW',32768,'LLM,CHAT,32k','1','2024-10-20 03:40:55','2024-10-20 03:40:55',0,0),(401,'Pro/THUDM/chatglm3-6b','chat','SILICONFLOW',32768,'LLM,CHAT,32k','1','2024-10-20 03:40:55','2024-10-20 03:40:55',0,0),(402,'Pro/THUDM/glm-4-9b-chat','chat','SILICONFLOW',32768,'LLM,CHAT,32k','1','2024-10-20 03:40:55','2024-10-20 03:40:55',0,0),(403,'pygmalionai/mythalion-13b','chat','OpenRouter',8192,'LLM CHAT 8K','1','2024-10-20 03:40:55','2024-10-20 03:40:55',0,0),(404,'qwen-plus','chat','Tongyi-Qianwen',32768,'LLM,CHAT,32K','1','2024-10-20 03:40:55','2024-10-20 03:40:55',0,0),(405,'qwen-turbo','chat','Tongyi-Qianwen',8191,'LLM,CHAT,8K','1','2024-10-20 03:40:55','2024-10-20 03:40:55',0,0),(406,'qwen-vl-plus','image2text','Tongyi-Qianwen',765,'LLM,CHAT,IMAGE2TEXT','1','2024-10-20 03:40:55','2024-10-20 03:40:55',0,0),(407,'qwen/qwen-110b-chat','chat','OpenRouter',32768,'LLM CHAT 32K','1','2024-10-20 03:40:55','2024-10-20 03:40:55',0,0),(408,'qwen/qwen-14b-chat','chat','OpenRouter',32768,'LLM CHAT 32K','1','2024-10-20 03:40:55','2024-10-20 03:40:55',0,0),(409,'qwen/qwen-2-72b-instruct','chat','OpenRouter',32768,'LLM CHAT 32K','1','2024-10-20 03:40:55','2024-10-20 03:40:55',0,0),(410,'qwen/qwen-32b-chat','chat','OpenRouter',32768,'LLM CHAT 32K','1','2024-10-20 03:40:55','2024-10-20 03:40:55',0,0),(411,'qwen/qwen-4b-chat','chat','OpenRouter',32768,'LLM CHAT 32K','1','2024-10-20 03:40:55','2024-10-20 03:40:55',0,0),(412,'qwen/qwen-72b-chat','chat','OpenRouter',32768,'LLM CHAT 32K','1','2024-10-20 03:40:55','2024-10-20 03:40:55',0,0),(413,'qwen/qwen-7b-chat','chat','OpenRouter',32768,'LLM CHAT 32K','1','2024-10-20 03:40:55','2024-10-20 03:40:55',0,0),(414,'Qwen/Qwen1.5-110B-Chat','chat','SILICONFLOW',32768,'LLM,CHAT,32k','1','2024-10-20 03:40:55','2024-10-20 03:40:55',0,0),(415,'Qwen/Qwen1.5-14B-Chat','chat','SILICONFLOW',32768,'LLM,CHAT,32k','1','2024-10-20 03:40:55','2024-10-20 03:40:55',0,0),(416,'Qwen/Qwen1.5-32B-Chat','chat','SILICONFLOW',32768,'LLM,CHAT,32k','1','2024-10-20 03:40:55','2024-10-20 03:40:55',0,0),(417,'Qwen/Qwen1.5-7B-Chat','chat','SILICONFLOW',32768,'LLM,CHAT,32k','1','2024-10-20 03:40:55','2024-10-20 03:40:55',0,0),(418,'Qwen/Qwen2-1.5B-Instruct','chat','SILICONFLOW',32768,'LLM,CHAT,32k','1','2024-10-20 03:40:55','2024-10-20 03:40:55',0,0),(419,'Qwen/Qwen2-57B-A14B-Instruct','chat','SILICONFLOW',32768,'LLM,CHAT,32k','1','2024-10-20 03:40:55','2024-10-20 03:40:55',0,0),(420,'Qwen/Qwen2-72B-Instruct','chat','SILICONFLOW',32768,'LLM,CHAT,32k','1','2024-10-20 03:40:55','2024-10-20 03:40:55',0,0),(421,'Qwen/Qwen2-7B-Instruct','chat','SILICONFLOW',32768,'LLM,CHAT,32k','1','2024-10-20 03:40:55','2024-10-20 03:40:55',0,0),(422,'Qwen/Qwen2-Math-72B-Instruct','chat','SILICONFLOW',32768,'LLM,CHAT,32k','1','2024-10-20 03:40:55','2024-10-20 03:40:55',0,0),(423,'Qwen1.5-72B-Chat-GPTQ-Int4','chat','PerfXCloud',2048,'LLM,CHAT,2k','1','2024-10-20 03:40:55','2024-10-20 03:40:55',0,0),(424,'Qwen1.5-7B','chat','PerfXCloud',32768,'LLM,CHAT,32k','1','2024-10-20 03:40:55','2024-10-20 03:40:55',0,0),(425,'Qwen2-72B-Instruct','chat','PerfXCloud',131072,'LLM,CHAT,128k','1','2024-10-20 03:40:55','2024-10-20 03:40:55',0,0),(426,'Qwen2-72B-Instruct-awq-int4','chat','PerfXCloud',32768,'LLM,CHAT,32k','1','2024-10-20 03:40:55','2024-10-20 03:40:55',0,0),(427,'Qwen2-72B-Instruct-GPTQ-Int4','chat','PerfXCloud',2048,'LLM,CHAT,2k','1','2024-10-20 03:40:55','2024-10-20 03:40:55',0,0),(428,'Qwen2-7B','chat','PerfXCloud',131072,'LLM,CHAT,128k','1','2024-10-20 03:40:55','2024-10-20 03:40:55',0,0),(429,'Qwen2-7B-Instruct','chat','PerfXCloud',32768,'LLM,CHAT,32k','1','2024-10-20 03:40:55','2024-10-20 03:40:55',0,0),(430,'recursal/eagle-7b','chat','OpenRouter',10000,'LLM CHAT 9K','1','2024-10-20 03:40:55','2024-10-20 03:40:55',0,0),(431,'recursal/rwkv-5-3b-ai-town','chat','OpenRouter',10000,'LLM CHAT 9K','1','2024-10-20 03:40:55','2024-10-20 03:40:55',0,0),(432,'rerank-1','rerank','Voyage AI',8000,'RE-RANK, 8000','1','2024-10-20 03:40:55','2024-10-20 03:40:55',0,0),(433,'rerank-english-v2.0','rerank','cohere',8196,'RE-RANK,512','1','2024-10-20 03:40:55','2024-10-20 03:40:55',0,0),(434,'rerank-english-v3.0','rerank','cohere',4096,'RE-RANK,4k','1','2024-10-20 03:40:55','2024-10-20 03:40:55',0,0),(435,'rerank-lite-1','rerank','Voyage AI',4000,'RE-RANK, 4000','1','2024-10-20 03:40:55','2024-10-20 03:40:55',0,0),(436,'rerank-multilingual-v2.0','rerank','cohere',512,'RE-RANK,512','1','2024-10-20 03:40:55','2024-10-20 03:40:55',0,0),(437,'rerank-multilingual-v3.0','rerank','cohere',4096,'RE-RANK,4k','1','2024-10-20 03:40:55','2024-10-20 03:40:55',0,0),(438,'rwkv/rwkv-5-world-3b','chat','OpenRouter',10000,'LLM CHAT 9K','1','2024-10-20 03:40:55','2024-10-20 03:40:55',0,0),(439,'sambert-zhide-v1','tts','Tongyi-Qianwen',2048,'TTS','1','2024-10-20 03:40:55','2024-10-20 03:40:55',0,0),(440,'sambert-zhiru-v1','tts','Tongyi-Qianwen',2048,'TTS','1','2024-10-20 03:40:55','2024-10-20 03:40:55',0,0),(441,'sao10k/fimbulvetr-11b-v2','chat','OpenRouter',8192,'LLM CHAT 8K','1','2024-10-20 03:40:55','2024-10-20 03:40:55',0,0),(442,'sao10k/l3-70b-euryale-v2.1','chat','novita.ai',16000,'LLM,CHAT,15k','1','2024-10-20 03:40:55','2024-10-20 03:40:55',0,0),(443,'sao10k/l3-euryale-70b','chat','OpenRouter',8192,'LLM CHAT 8K','1','2024-10-20 03:40:55','2024-10-20 03:40:55',0,0),(444,'sao10k/l3-stheno-8b','chat','OpenRouter',32000,'LLM CHAT 32K','1','2024-10-20 03:40:55','2024-10-20 03:40:55',0,0),(445,'seallms/seallm-7b-v2.5','chat','NVIDIA',4096,'LLM,CHAT,4K','1','2024-10-20 03:40:55','2024-10-20 03:40:55',0,0),(446,'sentence-transformers/all-MiniLM-L6-v2','embedding','FastEmbed',512,'TEXT EMBEDDING,','1','2024-10-20 03:40:55','2024-10-20 03:40:55',0,0),(447,'snowflake/arctic','chat','NVIDIA',4096,'LLM,CHAT,4K','1','2024-10-20 03:40:55','2024-10-20 03:40:55',0,0),(448,'snowflake/arctic-embed-l','embedding','NVIDIA',512,'TEXT EMBEDDING,512','1','2024-10-20 03:40:55','2024-10-20 03:40:55',0,0),(449,'snowflake/snowflake-arctic-instruct','chat','OpenRouter',4096,'LLM CHAT 4K','1','2024-10-20 03:40:55','2024-10-20 03:40:55',0,0),(450,'solar-1-mini-chat','chat','Upstage',32768,'LLM,CHAT,32k','1','2024-10-20 03:40:55','2024-10-20 03:40:55',0,0),(451,'solar-1-mini-chat-ja','chat','Upstage',32768,'LLM,CHAT,32k','1','2024-10-20 03:40:55','2024-10-20 03:40:55',0,0),(452,'SOLAR-10_7B-Instruct','chat','PerfXCloud',4096,'LLM,CHAT,4k','1','2024-10-20 03:40:55','2024-10-20 03:40:55',0,0),(453,'solar-embedding-1-large-passage','embedding','Upstage',4000,'TEXT EMBEDDING','1','2024-10-20 03:40:55','2024-10-20 03:40:55',0,0),(454,'solar-embedding-1-large-query','embedding','Upstage',4000,'TEXT EMBEDDING','1','2024-10-20 03:40:55','2024-10-20 03:40:55',0,0),(455,'sophosympatheia/midnight-rose-70b','chat','novita.ai',4096,'LLM,CHAT,4k','1','2024-10-20 03:40:55','2024-10-20 03:40:55',0,0),(456,'sophosympatheia/midnight-rose-70b','chat','OpenRouter',4096,'LLM CHAT 4K','1','2024-10-20 03:40:55','2024-10-20 03:40:55',0,0),(457,'step-1-128k','chat','StepFun',131072,'LLM,CHAT,128k','1','2024-10-20 03:40:55','2024-10-20 03:40:55',0,0),(458,'step-1-256k','chat','StepFun',262144,'LLM,CHAT,256k','1','2024-10-20 03:40:55','2024-10-20 03:40:55',0,0),(459,'step-1-32k','chat','StepFun',32768,'LLM,CHAT,32k','1','2024-10-20 03:40:55','2024-10-20 03:40:55',0,0),(460,'step-1-8k','chat','StepFun',8192,'LLM,CHAT,8k','1','2024-10-20 03:40:55','2024-10-20 03:40:55',0,0),(461,'step-1v-8k','image2text','StepFun',8192,'LLM,CHAT,IMAGE2TEXT','1','2024-10-20 03:40:55','2024-10-20 03:40:55',0,0),(462,'teknium/openhermes-2-mistral-7b','chat','OpenRouter',8192,'LLM CHAT 8K','1','2024-10-20 03:40:55','2024-10-20 03:40:55',0,0),(463,'teknium/openhermes-2.5-mistral-7b','chat','novita.ai',4096,'LLM,CHAT,4k','1','2024-10-20 03:40:55','2024-10-20 03:40:55',0,0),(464,'teknium/openhermes-2.5-mistral-7b','chat','OpenRouter',4096,'LLM CHAT 4K','1','2024-10-20 03:40:55','2024-10-20 03:40:55',0,0),(465,'text-embedding-004','embedding','Gemini',2048,'TEXT EMBEDDING','1','2024-10-20 03:40:55','2024-10-20 03:40:55',0,0),(466,'text-embedding-3-large','embedding','Azure-OpenAI',8191,'TEXT EMBEDDING,8K','1','2024-10-20 03:40:55','2024-10-20 03:40:55',0,0),(467,'text-embedding-3-large','embedding','OpenAI',8191,'TEXT EMBEDDING,8K','1','2024-10-20 03:40:55','2024-10-20 03:40:55',0,0),(468,'text-embedding-3-small','embedding','Azure-OpenAI',8191,'TEXT EMBEDDING,8K','1','2024-10-20 03:40:55','2024-10-20 03:40:55',0,0),(469,'text-embedding-3-small','embedding','OpenAI',8191,'TEXT EMBEDDING,8K','1','2024-10-20 03:40:55','2024-10-20 03:40:55',0,0),(470,'text-embedding-ada-002','embedding','Azure-OpenAI',8191,'TEXT EMBEDDING,8K','1','2024-10-20 03:40:55','2024-10-20 03:40:55',0,0),(471,'text-embedding-ada-002','embedding','OpenAI',8191,'TEXT EMBEDDING,8K','1','2024-10-20 03:40:55','2024-10-20 03:40:55',0,0),(472,'text-embedding-v2','embedding','Tongyi-Qianwen',2048,'TEXT EMBEDDING,2K','1','2024-10-20 03:40:55','2024-10-20 03:40:55',0,0),(473,'text-embedding-v3','embedding','Tongyi-Qianwen',8192,'TEXT EMBEDDING,8K','1','2024-10-20 03:40:55','2024-10-20 03:40:55',0,0),(474,'THUDM/chatglm3-6b','chat','SILICONFLOW',32768,'LLM,CHAT,32k','1','2024-10-20 03:40:55','2024-10-20 03:40:55',0,0),(475,'THUDM/glm-4-9b-chat','chat','SILICONFLOW',32768,'LLM,CHAT,32k','1','2024-10-20 03:40:55','2024-10-20 03:40:55',0,0),(476,'togethercomputer/stripedhyena-hessian-7b','chat','OpenRouter',32768,'LLM CHAT 32K','1','2024-10-20 03:40:55','2024-10-20 03:40:55',0,0),(477,'togethercomputer/stripedhyena-nous-7b','chat','OpenRouter',32768,'LLM CHAT 32K','1','2024-10-20 03:40:55','2024-10-20 03:40:55',0,0),(478,'toppy-m-7b','chat','LeptonAI',4096,'LLM,CHAT,4k','1','2024-10-20 03:40:55','2024-10-20 03:40:55',0,0),(479,'undi95/remm-slerp-l2-13b','chat','OpenRouter',4096,'LLM CHAT 4K','1','2024-10-20 03:40:55','2024-10-20 03:40:55',0,0),(480,'undi95/remm-slerp-l2-13b:extended','chat','OpenRouter',6144,'LLM CHAT 6K','1','2024-10-20 03:40:55','2024-10-20 03:40:55',0,0),(481,'undi95/toppy-m-7b','chat','OpenRouter',4096,'LLM CHAT 4K','1','2024-10-20 03:40:55','2024-10-20 03:40:55',0,0),(482,'undi95/toppy-m-7b:free','chat','OpenRouter',4096,'LLM CHAT 4K','1','2024-10-20 03:40:55','2024-10-20 03:40:55',0,0),(483,'undi95/toppy-m-7b:nitro','chat','OpenRouter',4096,'LLM CHAT 4K','1','2024-10-20 03:40:55','2024-10-20 03:40:55',0,0),(484,'upstage/solar-10.7b-instruct','chat','NVIDIA',4096,'LLM,CHAT,4K','1','2024-10-20 03:40:55','2024-10-20 03:40:55',0,0),(485,'voyage-2','embedding','Voyage AI',4000,'TEXT EMBEDDING,4000','1','2024-10-20 03:40:55','2024-10-20 03:40:55',0,0),(486,'voyage-code-2','embedding','Voyage AI',16000,'TEXT EMBEDDING,16000','1','2024-10-20 03:40:55','2024-10-20 03:40:55',0,0),(487,'voyage-finance-2','embedding','Voyage AI',32000,'TEXT EMBEDDING,32000','1','2024-10-20 03:40:55','2024-10-20 03:40:55',0,0),(488,'voyage-large-2','embedding','Voyage AI',16000,'TEXT EMBEDDING,16000','1','2024-10-20 03:40:55','2024-10-20 03:40:55',0,0),(489,'voyage-large-2-instruct','embedding','Voyage AI',16000,'TEXT EMBEDDING,16000','1','2024-10-20 03:40:55','2024-10-20 03:40:55',0,0),(490,'voyage-law-2','embedding','Voyage AI',16000,'TEXT EMBEDDING,16000','1','2024-10-20 03:40:55','2024-10-20 03:40:55',0,0),(491,'voyage-multilingual-2','embedding','Voyage AI',32000,'TEXT EMBEDDING,32000','1','2024-10-20 03:40:55','2024-10-20 03:40:55',0,0),(492,'whisper-1','speech2text','Azure-OpenAI',26214400,'SPEECH2TEXT','1','2024-10-20 03:40:55','2024-10-20 03:40:55',0,0),(493,'whisper-1','speech2text','OpenAI',26214400,'SPEECH2TEXT','1','2024-10-20 03:40:55','2024-10-20 03:40:55',0,0),(494,'wizardlm-2-7b','chat','LeptonAI',32768,'LLM,CHAT,32k','1','2024-10-20 03:40:55','2024-10-20 03:40:55',0,0),(495,'wizardlm-2-8x22b','chat','LeptonAI',65536,'LLM,CHAT,64K','1','2024-10-20 03:40:55','2024-10-20 03:40:55',0,0),(496,'xwin-lm/xwin-lm-70b','chat','OpenRouter',8192,'LLM CHAT 8K','1','2024-10-20 03:40:55','2024-10-20 03:40:55',0,0),(497,'Yi-1_5-9B-Chat-16K','chat','PerfXCloud',16384,'LLM,CHAT,16k','1','2024-10-20 03:40:55','2024-10-20 03:40:55',0,0),(498,'yi-large','chat','01.AI',32768,'LLM,CHAT,32k','1','2024-10-20 03:40:55','2024-10-20 03:40:55',0,0),(499,'yi-large-fc','chat','01.AI',32768,'LLM,CHAT,32k','1','2024-10-20 03:40:55','2024-10-20 03:40:55',0,0),(500,'yi-large-preview','chat','01.AI',16384,'LLM,CHAT,16k','1','2024-10-20 03:40:55','2024-10-20 03:40:55',0,0),(501,'yi-large-rag','chat','01.AI',16384,'LLM,CHAT,16k','1','2024-10-20 03:40:55','2024-10-20 03:40:55',0,0),(502,'yi-large-turbo','chat','01.AI',16384,'LLM,CHAT,16k','1','2024-10-20 03:40:55','2024-10-20 03:40:55',0,0),(503,'yi-medium','chat','01.AI',16384,'LLM,CHAT,16k','1','2024-10-20 03:40:55','2024-10-20 03:40:55',0,0),(504,'yi-medium-200k','chat','01.AI',204800,'LLM,CHAT,200k','1','2024-10-20 03:40:55','2024-10-20 03:40:55',0,0),(505,'yi-spark','chat','01.AI',16384,'LLM,CHAT,16k','1','2024-10-20 03:40:55','2024-10-20 03:40:55',0,0),(506,'yi-vision','image2text','01.AI',16384,'LLM,CHAT,IMAGE2TEXT,16k','1','2024-10-20 03:40:55','2024-10-20 03:40:55',0,0);
/*!40000 ALTER TABLE `sys_provider_model` ENABLE KEYS */;
UNLOCK TABLES;

--
-- Dumping routines for database 'nexfly'
--
/*!40103 SET TIME_ZONE=@OLD_TIME_ZONE */;

/*!40101 SET SQL_MODE=@OLD_SQL_MODE */;
/*!40014 SET FOREIGN_KEY_CHECKS=@OLD_FOREIGN_KEY_CHECKS */;
/*!40014 SET UNIQUE_CHECKS=@OLD_UNIQUE_CHECKS */;
/*!40101 SET CHARACTER_SET_CLIENT=@OLD_CHARACTER_SET_CLIENT */;
/*!40101 SET CHARACTER_SET_RESULTS=@OLD_CHARACTER_SET_RESULTS */;
/*!40101 SET COLLATION_CONNECTION=@OLD_COLLATION_CONNECTION */;
/*!40111 SET SQL_NOTES=@OLD_SQL_NOTES */;

-- Dump completed on 2024-10-20 22:09:31
