-- MySQL dump 10.13  Distrib 8.1.0, for Win64 (x86_64)
--
-- Host: localhost    Database: nexfly
-- ------------------------------------------------------
-- Server version	8.1.0

/*!40101 SET @OLD_CHARACTER_SET_CLIENT=@@CHARACTER_SET_CLIENT */;
/*!40101 SET @OLD_CHARACTER_SET_RESULTS=@@CHARACTER_SET_RESULTS */;
/*!40101 SET @OLD_COLLATION_CONNECTION=@@COLLATION_CONNECTION */;
/*!50503 SET NAMES utf8mb4 */;
/*!40103 SET @OLD_TIME_ZONE=@@TIME_ZONE */;
/*!40103 SET TIME_ZONE='+00:00' */;
/*!40014 SET @OLD_UNIQUE_CHECKS=@@UNIQUE_CHECKS, UNIQUE_CHECKS=0 */;
/*!40014 SET @OLD_FOREIGN_KEY_CHECKS=@@FOREIGN_KEY_CHECKS, FOREIGN_KEY_CHECKS=0 */;
/*!40101 SET @OLD_SQL_MODE=@@SQL_MODE, SQL_MODE='NO_AUTO_VALUE_ON_ZERO' */;
/*!40111 SET @OLD_SQL_NOTES=@@SQL_NOTES, SQL_NOTES=0 */;

CREATE DATABASE IF NOT EXISTS `nexfly`;
USE `nexfly`;

--
-- Table structure for table `account`
--

DROP TABLE IF EXISTS `account`;
/*!40101 SET @saved_cs_client     = @@character_set_client */;
/*!50503 SET character_set_client = utf8mb4 */;
CREATE TABLE `account` (
  `account_id` bigint unsigned NOT NULL AUTO_INCREMENT COMMENT 'ID',
  `nickname` varchar(255) CHARACTER SET utf8mb4 COLLATE utf8mb4_0900_ai_ci NOT NULL,
  `email` varchar(255) CHARACTER SET utf8mb4 COLLATE utf8mb4_0900_ai_ci NOT NULL,
  `password` varchar(255) CHARACTER SET utf8mb4 COLLATE utf8mb4_0900_ai_ci DEFAULT NULL,
  `password_salt` varchar(255) CHARACTER SET utf8mb4 COLLATE utf8mb4_0900_ai_ci DEFAULT NULL,
  `avatar` varchar(255) CHARACTER SET utf8mb4 COLLATE utf8mb4_0900_ai_ci DEFAULT NULL,
  `language` varchar(255) CHARACTER SET utf8mb4 COLLATE utf8mb4_0900_ai_ci DEFAULT NULL,
  `theme` varchar(255) CHARACTER SET utf8mb4 COLLATE utf8mb4_0900_ai_ci DEFAULT NULL,
  `timezone` varchar(255) CHARACTER SET utf8mb4 COLLATE utf8mb4_0900_ai_ci DEFAULT NULL,
  `last_login_time` timestamp NULL DEFAULT NULL,
  `last_login_ip` varchar(255) CHARACTER SET utf8mb4 COLLATE utf8mb4_0900_ai_ci DEFAULT NULL,
  `status` int NOT NULL DEFAULT '1' COMMENT '1正常、0禁用',
  `create_at` timestamp NOT NULL DEFAULT CURRENT_TIMESTAMP,
  `update_at` timestamp NOT NULL DEFAULT CURRENT_TIMESTAMP,
  `create_by` bigint NOT NULL,
  `update_by` bigint NOT NULL,
  PRIMARY KEY (`account_id`),
  UNIQUE KEY `account_email_IDX` (`email`) USING BTREE
) ENGINE=InnoDB AUTO_INCREMENT=2 DEFAULT CHARSET=utf8mb4 COLLATE=utf8mb4_general_ci COMMENT='登录账号表';
/*!40101 SET character_set_client = @saved_cs_client */;

--
-- Dumping data for table `account`
--

LOCK TABLES `account` WRITE;
/*!40000 ALTER TABLE `account` DISABLE KEYS */;
INSERT INTO `account` VALUES (1,'wangjun','wjun_java@163.com','$2a$10$wb7/PQN5HluZA6a3qXDxzu0yr9s4EQN/dXqYT3D6CyL.2gT1yszZa','1','http://gips3.baidu.com/it/u=3886271102,3123389489&fm=3028&app=3028&f=JPEG&fmt=auto?w=1280&h=960','Chinese',NULL,NULL,NULL,NULL,1,'2024-07-30 03:41:27','2024-07-30 03:41:27',0,0);
/*!40000 ALTER TABLE `account` ENABLE KEYS */;
UNLOCK TABLES;

--
-- Table structure for table `account_org`
--

DROP TABLE IF EXISTS `account_org`;
/*!40101 SET @saved_cs_client     = @@character_set_client */;
/*!50503 SET character_set_client = utf8mb4 */;
CREATE TABLE `account_org` (
  `account_id` bigint NOT NULL,
  `org_id` bigint NOT NULL,
  `status` int NOT NULL DEFAULT '1' COMMENT '当前使用的组织机构',
  PRIMARY KEY (`account_id`,`org_id`)
) ENGINE=InnoDB DEFAULT CHARSET=utf8mb4 COLLATE=utf8mb4_general_ci;
/*!40101 SET character_set_client = @saved_cs_client */;

--
-- Dumping data for table `account_org`
--

LOCK TABLES `account_org` WRITE;
/*!40000 ALTER TABLE `account_org` DISABLE KEYS */;
INSERT INTO `account_org` VALUES (1,1,1),(1,2,0);
/*!40000 ALTER TABLE `account_org` ENABLE KEYS */;
UNLOCK TABLES;

--
-- Table structure for table `app`
--

DROP TABLE IF EXISTS `app`;
/*!40101 SET @saved_cs_client     = @@character_set_client */;
/*!50503 SET character_set_client = utf8mb4 */;
CREATE TABLE `app` (
  `app_id` bigint unsigned NOT NULL AUTO_INCREMENT,
  `org_id` bigint NOT NULL,
  `name` varchar(100) CHARACTER SET utf8mb4 COLLATE utf8mb4_general_ci NOT NULL,
  `description` varchar(255) CHARACTER SET utf8mb4 COLLATE utf8mb4_general_ci DEFAULT NULL,
  `app_type` varchar(100) CHARACTER SET utf8mb4 COLLATE utf8mb4_general_ci NOT NULL,
  `status` int NOT NULL DEFAULT '1',
  `icon` varchar(100) CHARACTER SET utf8mb4 COLLATE utf8mb4_general_ci DEFAULT NULL,
  `flow_id` varchar(100) CHARACTER SET utf8mb4 COLLATE utf8mb4_general_ci DEFAULT NULL,
  `create_at` timestamp NULL DEFAULT CURRENT_TIMESTAMP,
  `update_at` timestamp NULL DEFAULT CURRENT_TIMESTAMP,
  `create_by` bigint NOT NULL,
  `update_by` bigint NOT NULL,
  PRIMARY KEY (`app_id`)
) ENGINE=InnoDB AUTO_INCREMENT=2 DEFAULT CHARSET=utf8mb4 COLLATE=utf8mb4_general_ci;
/*!40101 SET character_set_client = @saved_cs_client */;

--
-- Dumping data for table `app`
--

LOCK TABLES `app` WRITE;
/*!40000 ALTER TABLE `app` DISABLE KEYS */;
INSERT INTO `app` VALUES (1,1,'fastcms','fastcms','chat',1,'',NULL,'2024-08-27 00:58:56','2024-08-27 00:58:56',1,1);
/*!40000 ALTER TABLE `app` ENABLE KEYS */;
UNLOCK TABLES;

--
-- Table structure for table `app_config`
--

DROP TABLE IF EXISTS `app_config`;
/*!40101 SET @saved_cs_client     = @@character_set_client */;
/*!50503 SET character_set_client = utf8mb4 */;
CREATE TABLE `app_config` (
  `config_id` bigint unsigned NOT NULL AUTO_INCREMENT,
  `app_id` bigint NOT NULL,
  `org_id` bigint NOT NULL,
  `pre_prompt` text CHARACTER SET utf8mb4 COLLATE utf8mb4_general_ci COMMENT '应用角色设定词',
  `form_variable` text CHARACTER SET utf8mb4 COLLATE utf8mb4_general_ci COMMENT '变量配置',
  `empty_response` text CHARACTER SET utf8mb4 COLLATE utf8mb4_general_ci COMMENT '空回复',
  `prologue` text CHARACTER SET utf8mb4 COLLATE utf8mb4_general_ci COMMENT '开场白',
  `file_upload` text CHARACTER SET utf8mb4 COLLATE utf8mb4_general_ci,
  `text_to_speech` text CHARACTER SET utf8mb4 COLLATE utf8mb4_general_ci,
  `speech_to_text` text CHARACTER SET utf8mb4 COLLATE utf8mb4_general_ci,
  `quote` varchar(100) CHARACTER SET utf8mb4 COLLATE utf8mb4_general_ci DEFAULT '0' COMMENT '是否显示引用',
  `create_at` timestamp NULL DEFAULT CURRENT_TIMESTAMP,
  `create_by` bigint DEFAULT NULL,
  `update_at` timestamp NULL DEFAULT CURRENT_TIMESTAMP,
  `update_by` bigint DEFAULT NULL,
  PRIMARY KEY (`config_id`)
) ENGINE=InnoDB AUTO_INCREMENT=2 DEFAULT CHARSET=utf8mb4 COLLATE=utf8mb4_general_ci;
/*!40101 SET character_set_client = @saved_cs_client */;

--
-- Dumping data for table `app_config`
--

LOCK TABLES `app_config` WRITE;
/*!40000 ALTER TABLE `app_config` DISABLE KEYS */;
INSERT INTO `app_config` VALUES (1,1,1,'你是一个基于fastcms开源项目的开发高手，你会开发fastcms模板，插件，以及熟悉fastcms系统的各种配置123','[{\"key\":\"test\",\"optional\":true}]','我是空对白','我是开场白',NULL,NULL,NULL,'1','2024-08-27 01:00:45',1,'2024-08-27 01:00:45',1);
/*!40000 ALTER TABLE `app_config` ENABLE KEYS */;
UNLOCK TABLES;

--
-- Table structure for table `app_conversation`
--

DROP TABLE IF EXISTS `app_conversation`;
/*!40101 SET @saved_cs_client     = @@character_set_client */;
/*!50503 SET character_set_client = utf8mb4 */;
CREATE TABLE `app_conversation` (
  `conversation_id` bigint unsigned NOT NULL AUTO_INCREMENT,
  `name` varchar(100) COLLATE utf8mb4_general_ci NOT NULL,
  `app_id` bigint NOT NULL,
  `create_by` bigint NOT NULL,
  `create_at` timestamp NULL DEFAULT CURRENT_TIMESTAMP,
  `update_by` bigint NOT NULL,
  `update_at` timestamp NULL DEFAULT CURRENT_TIMESTAMP,
  PRIMARY KEY (`conversation_id`)
) ENGINE=InnoDB AUTO_INCREMENT=33 DEFAULT CHARSET=utf8mb4 COLLATE=utf8mb4_general_ci COMMENT='会话表';
/*!40101 SET character_set_client = @saved_cs_client */;

--
-- Dumping data for table `app_conversation`
--

LOCK TABLES `app_conversation` WRITE;
/*!40000 ALTER TABLE `app_conversation` DISABLE KEYS */;
INSERT INTO `app_conversation` VALUES (16,'怎么开发呢',1,1,'2024-09-18 02:47:29',1,'2024-09-18 02:47:29'),(22,'插件怎么开发呢？',1,1,'2024-09-18 08:43:30',1,'2024-09-18 08:43:30'),(23,'你知道fastcms吗？',1,1,'2024-09-18 09:20:21',1,'2024-09-18 09:20:21'),(24,'那fastcms能做什么？',1,1,'2024-09-18 09:20:35',1,'2024-09-18 09:20:35'),(25,'我怎么觉得fastcms是springboot开发的java项目呢？',1,1,'2024-09-18 09:21:06',1,'2024-09-18 09:21:06'),(26,'不应该呀',1,1,'2024-09-18 09:31:56',1,'2024-09-18 09:31:56'),(27,'你是哪里人？',1,1,'2024-09-18 09:34:50',1,'2024-09-18 09:34:50'),(28,'fastcms是做什么的？',1,1,'2024-09-18 09:42:11',1,'2024-09-18 09:42:11'),(29,'fastcms是做什么的？',1,1,'2024-09-18 09:43:45',1,'2024-09-18 09:43:45'),(30,'你都会做些什么呀？',1,1,'2024-09-18 12:53:55',1,'2024-09-18 12:53:55'),(31,'你是谁？',1,1,'2024-10-01 04:05:40',1,'2024-10-01 04:05:40'),(32,'请帮我找出王军的简历',1,1,'2024-10-01 04:09:18',1,'2024-10-01 04:09:18');
/*!40000 ALTER TABLE `app_conversation` ENABLE KEYS */;
UNLOCK TABLES;

--
-- Table structure for table `app_dataset`
--

DROP TABLE IF EXISTS `app_dataset`;
/*!40101 SET @saved_cs_client     = @@character_set_client */;
/*!50503 SET character_set_client = utf8mb4 */;
CREATE TABLE `app_dataset` (
  `app_id` bigint NOT NULL,
  `dataset_id` bigint NOT NULL,
  PRIMARY KEY (`app_id`,`dataset_id`)
) ENGINE=InnoDB DEFAULT CHARSET=utf8mb4 COLLATE=utf8mb4_general_ci;
/*!40101 SET character_set_client = @saved_cs_client */;

--
-- Dumping data for table `app_dataset`
--

LOCK TABLES `app_dataset` WRITE;
/*!40000 ALTER TABLE `app_dataset` DISABLE KEYS */;
INSERT INTO `app_dataset` VALUES (1,1);
/*!40000 ALTER TABLE `app_dataset` ENABLE KEYS */;
UNLOCK TABLES;

--
-- Table structure for table `app_message`
--

DROP TABLE IF EXISTS `app_message`;
/*!40101 SET @saved_cs_client     = @@character_set_client */;
/*!50503 SET character_set_client = utf8mb4 */;
CREATE TABLE `app_message` (
  `message_id` bigint unsigned NOT NULL AUTO_INCREMENT,
  `conversation_id` bigint NOT NULL,
  `app_id` bigint DEFAULT NULL,
  `content` text COLLATE utf8mb4_general_ci NOT NULL COMMENT 'ai回复',
  `role` varchar(100) CHARACTER SET utf8mb4 COLLATE utf8mb4_general_ci NOT NULL COMMENT '消息类型，user，assistant',
  `create_by` bigint NOT NULL,
  `create_at` timestamp NULL DEFAULT CURRENT_TIMESTAMP,
  `update_by` bigint NOT NULL,
  `update_at` timestamp NULL DEFAULT CURRENT_TIMESTAMP,
  PRIMARY KEY (`message_id`)
) ENGINE=InnoDB AUTO_INCREMENT=103 DEFAULT CHARSET=utf8mb4 COLLATE=utf8mb4_general_ci;
/*!40101 SET character_set_client = @saved_cs_client */;

--
-- Dumping data for table `app_message`
--

LOCK TABLES `app_message` WRITE;
/*!40000 ALTER TABLE `app_message` DISABLE KEYS */;
INSERT INTO `app_message` VALUES (1,17,1,'','user',1,'2024-09-17 16:43:04',1,'2024-09-17 16:43:04'),(2,17,1,'要开发基于FastCMS的项目，你需要遵循以下步骤：\n\n### 1. 熟悉FastCMS\n首先，确保你已经了解了FastCMS的基本概念、架构和主要功能。你可以通过阅读官方文档和查看社区资源来获取这些信息。\n\n### 2. 安装与环境配置\n安装FastCMS并根据你的需求进行基础配置。确保你的开发环境（如操作系统、IDE、服务器等）都已准备好，并且符合FastCMS的要求。\n\n### 3. 学习FastCMS核心代码\n深入研究FastCMS的核心代码，理解其工作原理、类库结构和开发模式。这有助于你在后续开发过程中更好地集成和扩展功能。\n\n### 4. 开发模板\nFastCMS使用模板引擎来呈现内容。学习如何创建和自定义模板文件，包括页面布局、元素样式和动态内容展示。你可以从简单的模板开始，逐渐增加复杂性。\n\n### 5. 编写插件\nFastCMS支持插件系统，允许开发者扩展核心功能或添加新特性。了解如何编写、注册和激活插件，以及它们如何与FastCMS框架交互。\n\n### 6. 集成第三方服务\n如果需要，可以集成API、数据库或其他第三方服务到你的项目中。这可能涉及到使用HTTP请求库、数据库驱动和处理API响应。\n\n### 7. 测试与调试\n在开发过程中，不断测试你的代码，确保功能正确无误。使用调试工具帮助查找和修复错误。\n\n### 8. 文档与注释\n编写清晰的代码注释和文档，以便自己和其他开发者在未来维护或扩展代码时能更容易地理解你的意图。\n\n### 9. 版本控制\n使用版本控制系统（如Git）管理你的代码，确保能够跟踪更改历史、合并分支和备份代码。\n\n### 10. 发布与分发\n完成开发后，将你的模板、插件或整个项目打包发布。确保遵循FastCMS的发布指南和社区规范。\n\n### 11. 社区贡献与反馈\n积极参与FastCMS社区，分享你的作品，接收反馈，并帮助解答其他开发者的问题。这有助于提升你的技能，同时也促进社区的发展。\n\n### 12. 持续学习与改进\n技术在不断发展，持续学习新技术和最佳实践，以提高你的开发效率和代码质量。\n\n按照上述步骤，你应该能够成功开发基于FastCMS的项目。如果你在具体操作中遇到问题，记得查阅官方文档、搜索相关教程，或者向FastCMS社区寻求帮助。','assistant',1,'2024-09-17 16:43:04',1,'2024-09-17 16:43:04'),(3,18,1,'','user',1,'2024-09-18 03:38:17',1,'2024-09-18 03:38:17'),(4,19,1,'','user',1,'2024-09-18 03:44:31',1,'2024-09-18 03:44:31'),(5,20,1,'我叫王军','user',1,'2024-09-18 03:45:27',1,'2024-09-18 03:45:27'),(6,21,1,'你是谁啊？','user',1,'2024-09-18 03:46:17',1,'2024-09-18 03:46:17'),(7,21,1,'我叫王军，我是基于fastcms开源项目的开发高手。我可以帮助您开发fastcms模板、插件，并熟悉fastcms系统的各种配置。有什么具体问题或需求，您可以告诉我，我会尽力提供支持。','assistant',1,'2024-09-18 03:46:20',1,'2024-09-18 03:46:20'),(8,4,1,'你好啊','user',1,'2024-09-18 06:15:43',1,'2024-09-18 06:15:43'),(9,16,1,'插件怎么开发呢？','user',1,'2024-09-18 08:41:46',1,'2024-09-18 08:41:46'),(10,16,1,'插件怎么开发呢？','user',1,'2024-09-18 08:42:36',1,'2024-09-18 08:42:36'),(11,16,1,'开发基于fastCMS的插件通常涉及以下几个步骤：\n\n### 1. 确定插件需求和功能\n首先明确你的插件要实现的功能。这可能包括增加新模块、扩展现有功能、集成第三方服务等。\n\n### 2. 创建插件目录结构\n按照fastCMS的规范创建插件目录，通常结构如下：\n```\n/plugin_name/\n    /assets/\n        css/\n        js/\n    /config.php\n    /language/\n        en/\n        zh/\n    /templates/\n        main.php\n    /views/\n        index.php\n    /functions.php\n```\n\n### 3. 编写配置文件（config.php）\n在`/plugin_name/config.php`中定义插件的基本信息，如插件名称、版本、作者等，并添加必要的配置选项。\n\n### 4. 创建视图文件（views）\n视图文件通常用于处理用户界面逻辑，包括模板文件和视图逻辑文件。例如，`index.php`可以包含插件的主要展示逻辑。\n\n### 5. 编写功能代码（functions.php）\n在`functions.php`文件中编写插件的核心功能代码，比如数据操作、API接口、事件监听等。\n\n### 6. 集成到系统中\n确保插件能够正确地被fastCMS加载和使用。通常需要在系统配置文件中添加插件的引入语句。\n\n### 7. 测试插件\n在本地环境中测试插件的所有功能，确保没有错误，并且与fastCMS系统兼容。\n\n### 8. 翻译和国际化\n提供多语言支持，创建相应的语言文件（如`en/`和`zh/`）。\n\n### 9. 发布和文档\n编写详细的插件说明文档，并考虑在GitHub或其他平台上发布插件，以便其他开发者使用。\n\n### 10. 维护和更新\n定期检查插件的兼容性问题，根据用户反馈进行更新和优化。\n\n如果你是基于fastCMS的开发者，你可能还需要熟悉其框架结构、API、配置文件格式以及如何利用其提供的工具和资源来快速开发和部署插件。如果你需要具体的代码示例或者更深入的技术细节，请告诉我具体的需求，我会提供更详细的指导。','assistant',1,'2024-09-18 08:42:48',1,'2024-09-18 08:42:48'),(12,22,1,'插件怎么开发呢？','user',1,'2024-09-18 08:43:30',1,'2024-09-18 08:43:30'),(13,22,1,'要开发基于FastCMS开源项目的插件，你需要遵循以下步骤。FastCMS 是一个强大的内容管理系统（CMS），其插件系统允许开发者扩展其功能和定制网站体验。以下是开发FastCMS插件的一般指南：\n\n### 1. 了解FastCMS插件结构\n首先，深入理解FastCMS的插件架构。通常，插件会包含以下文件：\n- **插件目录**：包含插件的主文件（通常是`index.php`）和相关文件。\n- **config.php**：用于配置插件设置和选项。\n- **templates/**：存放自定义模板文件。\n- **controllers/**：存放处理请求的控制器类。\n- **models/**：存放数据模型类。\n- **views/**：存放视图文件。\n- **lang/**：存放语言文件。\n\n### 2. 创建插件目录\n在你的项目中创建一个新目录，并按照上述结构组织文件夹和文件。例如，如果你的插件名为 `MyPlugin`，则目录结构可能如下：\n```\nplugins/\n    MyPlugin/\n        index.php\n        config.php\n        templates/\n            myplugin_template_name.php\n        controllers/\n            MyController.php\n        models/\n            MyModel.php\n        views/\n            myplugin_view_name.php\n        lang/\n            en_US/\n                plugin_name.txt\n            zh_CN/\n                plugin_name.txt\n```\n\n### 3. 编写插件代码\n#### a. 主文件 `index.php`\n这是插件的核心文件，用于初始化插件并加载其他文件。你可能需要在这里注册控制器、模型和其他必要的组件。\n\n```php\n<?php\nif (!defined(\'IN_PLUGIN\')) {\n    die(\'Access denied\');\n}\n\n// 引入FastCMS核心库\nrequire_once __DIR__ . \'/../../includes/core.php\';\n\n// 注册插件信息\n$plugin = array(\n    \'name\' => \'MyPlugin\',\n    \'version\' => \'1.0.0\',\n    \'author\' => \'Your Name\',\n    \'description\' => \'A custom plugin for FastCMS\',\n    \'category\' => \'content\',\n);\n\nregister_plugin($plugin);\n```\n\n#### b. 控制器类\n创建控制器类来处理特定的功能逻辑。\n\n```php\n<?php\nclass MyController extends Controller\n{\n    public function action()\n    {\n        // 实现具体业务逻辑\n    }\n}\n```\n\n#### c. 模型类\n用于与数据库交互和数据操作。\n\n```php\n<?php\nclass MyModel extends Model\n{\n    public function fetchData()\n    {\n        // 查询数据库并返回数据\n    }\n}\n```\n\n#### d. 视图文件\n根据控制器的结果渲染页面。\n\n```php\n<?php\n// 使用视图引擎（例如Twig或Smarty）渲染页面\n```\n\n### 4. 配置插件\n在`config.php`中添加插件的配置选项，例如启用状态、默认设置等。\n\n### 5. 编译插件文件\n确保所有插件文件正确编译。通常，FastCMS会自动处理这个过程，但有时可能需要手动清理缓存或重新构建插件文件。\n\n### 6. 测试插件\n安装插件并检查其功能是否按预期工作。确保兼容性和安全性。\n\n### 7. 文档和发布\n编写文档说明插件的使用方法和功能，并考虑将其贡献到FastCMS社区或作为独立插件发布。\n\n### 8. 维护与更新\n定期更新插件以修复错误、添加新功能或优化性能。\n\n记得在整个开发过程中遵循FastCMS的最佳实践和编码规范。如果你在开发过程中遇到任何技术问题，FastCMS的官方文档和社区论坛都是很好的资源。','assistant',1,'2024-09-18 08:43:48',1,'2024-09-18 08:43:48'),(14,22,1,'怎么开发模板呢？','user',1,'2024-09-18 08:44:14',1,'2024-09-18 08:44:14'),(15,22,1,'在FastCMS中开发模板的过程主要涉及以下几个步骤：\n\n### 1. 了解模板结构和语法\nFastCMS通常使用模板引擎（如Twig、Smarty等）来管理页面布局、内容显示和动态数据的整合。确保你熟悉所使用的模板引擎的语法和特性。\n\n### 2. 创建模板文件\n在插件的 `templates` 目录下创建你的模板文件。例如，假设你的插件名为 `MyPlugin`，你可能会有如下模板结构：\n\n```bash\nplugins/\n    MyPlugin/\n        templates/\n            mytemplate.html.twig\n```\n\n### 3. 使用模板变量\n在模板文件中，你可以通过访问模板变量来展示和操作数据。模板变量通常通过特定的方式引用，例如在Twig中，变量可以通过 `{{ variable_name }}` 来引用。\n\n### 4. 动态内容\n模板中可以包含条件语句、循环以及其他逻辑操作来动态地展示数据。例如，在Twig中，你可以使用 `{% if condition %}` 来展示条件下的内容。\n\n### 5. 调用控制器函数\n在模板中，可以通过调用控制器中的函数来获取数据或执行操作。例如：\n\n```twig\n{% set data = controllerFunction() %}\n{{ data }}\n```\n\n### 6. 添加样式和脚本\n在模板中，你可以插入CSS和JavaScript文件来控制页面的外观和行为。FastCMS通常支持在模板文件中直接引用这些文件。\n\n### 7. 集成插件功能\n确保模板与你的插件逻辑相集成。例如，如果插件提供了一个特定的功能，模板应该能够访问并展示这个功能的结果。\n\n### 8. 测试模板\n在开发过程中，经常测试模板以确保数据正确显示并且没有语法错误。在FastCMS的开发环境中，你可以实时预览模板效果。\n\n### 9. 文档化\n编写清晰的注释和文档来描述模板的用途和关键部分，这有助于团队成员理解和维护模板。\n\n### 10. 更新和维护\n随着应用的发展，模板也需要进行更新以适应新的需求或设计变化。确保模板能够适应FastCMS的更新，并且保持良好的结构和性能。\n\n### 示例模板文件：\n\n假设你的插件有一个展示新闻列表的功能，模板文件可能如下：\n\n```twig\n<!-- mytemplate.html.twig -->\n{% extends \'base.html.twig\' %}\n\n{% block content %}\n    <h1>最新新闻</h1>\n    {% for news in newsList %}\n        <article>\n            <h2>{{ news.title }}</h2>\n            <p>{{ news.description }}</p>\n            <a href=\"{{ news.url }}\">详细信息</a>\n        </article>\n    {% endfor %}\n{% endblock %}\n```\n\n在这个例子中，`newsList` 是从控制器传递给模板的数据集，模板则负责展示每条新闻的标题、描述和链接。\n\n通过遵循以上步骤，你可以有效地在FastCMS中开发出功能丰富的模板，增强网站的用户体验和个性化。','assistant',1,'2024-09-18 08:44:29',1,'2024-09-18 08:44:29'),(16,22,1,'模板怎么开发呢','user',1,'2024-09-18 08:44:46',1,'2024-09-18 08:44:46'),(17,22,1,'在FastCMS中开发模板的过程主要涉及以下几个步骤：\n\n### 1. 了解模板结构和语法\nFastCMS通常使用模板引擎（如Twig、Smarty等）来管理页面布局、内容显示和动态数据的整合。确保你熟悉所使用的模板引擎的语法和特性。\n\n### 2. 创建模板文件\n在插件的 `templates` 目录下创建你的模板文件。例如，假设你的插件名为 `MyPlugin`，你可能会有如下模板结构：\n\n```bash\nplugins/\n    MyPlugin/\n        templates/\n            mytemplate.html.twig\n```\n\n### 3. 使用模板变量\n在模板文件中，你可以通过访问模板变量来展示和操作数据。模板变量通常通过特定的方式引用，例如在Twig中，变量可以通过 `{{ variable_name }}` 来引用。\n\n### 4. 动态内容\n模板中可以包含条件语句、循环以及其他逻辑操作来动态地展示数据。例如，在Twig中，你可以使用 `{% if condition %}` 来展示条件下的内容。\n\n### 5. 调用控制器函数\n在模板中，你可以通过调用控制器中的函数来获取数据或执行操作。例如：\n\n```twig\n{% set data = controllerFunction() %}\n{{ data }}\n```\n\n### 6. 添加样式和脚本\n在模板中，你可以插入CSS和JavaScript文件来控制页面的外观和行为。FastCMS通常支持在模板文件中直接引用这些文件。\n\n### 7. 集成插件功能\n确保模板与你的插件逻辑相集成。例如，如果插件提供了一个特定的功能，模板应该能够访问并展示这个功能的结果。\n\n### 8. 测试模板\n在开发过程中，经常测试模板以确保数据正确显示并且没有语法错误。在FastCMS的开发环境中，你可以实时预览模板效果。\n\n### 9. 文档化\n编写清晰的注释和文档来描述模板的用途和关键部分，这有助于团队成员理解和维护模板。\n\n### 10. 更新和维护\n随着应用的发展，模板也需要进行更新以适应新的需求或设计变化。确保模板能够适应FastCMS的更新，并且保持良好的结构和性能。\n\n### 示例模板文件：\n\n假设你的插件有一个展示新闻列表的功能，模板文件可能如下：\n\n```twig\n<!-- mytemplate.html.twig -->\n{% extends \'base.html.twig\' %}\n\n{% block content %}\n    <h1>最新新闻</h1>\n    {% for news in newsList %}\n        <article>\n            <h2>{{ news.title }}</h2>\n            <p>{{ news.description }}</p>\n            <a href=\"{{ news.url }}\">详细信息</a>\n        </article>\n    {% endfor %}\n{% endblock %}\n```\n\n在这个例子中，`newsList` 是从控制器传递给模板的数据集，模板则负责展示每条新闻的标题、描述和链接。\n\n通过遵循以上步骤，你可以有效地在FastCMS中开发出功能丰富的模板，增强网站的用户体验和个性化。','assistant',1,'2024-09-18 08:45:02',1,'2024-09-18 08:45:02'),(18,22,1,'为啥不显示呢','user',1,'2024-09-18 08:45:12',1,'2024-09-18 08:45:12'),(19,22,1,'如果你在尝试开发基于FastCMS的插件时遇到问题，导致插件无法正常显示或工作，这里有几个常见原因和解决方案：\n\n### 1. **插件未正确注册**\n确保你的插件已经在FastCMS的配置中被正确注册。这通常意味着你的插件文件夹中包含了一个名为 `index.php` 的文件，其中包含了插件的初始化代码。这个文件应该包含如下代码：\n```php\nif (!defined(\'IN_PLUGIN\')) {\n    die(\'Access denied\');\n}\n\n// 引入FastCMS核心库\nrequire_once __DIR__ . \'/../../includes/core.php\';\n\n// 注册插件信息\n$plugin = array(\n    \'name\' => \'MyPlugin\',\n    \'version\' => \'1.0.0\',\n    \'author\' => \'Your Name\',\n    \'description\' => \'A custom plugin for FastCMS\',\n    \'category\' => \'content\',\n);\n\nregister_plugin($plugin);\n```\n\n### 2. **模板路径问题**\n确保你的模板文件路径正确无误。模板文件通常位于插件的 `templates` 文件夹中。FastCMS会自动查找这些文件。检查你的模板文件路径是否正确引用在插件的入口文件或控制器中。\n\n### 3. **视图引擎配置**\n确认你的插件使用了FastCMS支持的模板引擎，并且引擎已经被正确配置。例如，如果你使用的是Twig模板引擎，确保插件内的模板文件符合Twig语法，并且FastCMS配置文件中指定了使用此引擎。\n\n### 4. **权限问题**\n检查你的插件目录及其中的文件是否有正确的读写权限。在Linux或Unix系统中，确保目录的权限允许写入和执行。在Windows系统中，确保文件和目录权限允许读取、写入和执行。\n\n### 5. **缓存问题**\n有时候，FastCMS的缓存机制可能会阻止插件的更新或新功能的生效。尝试清除FastCMS的缓存，或者重启服务器以强制刷新缓存。\n\n### 6. **代码错误**\n检查你的插件代码中是否存在逻辑错误或语法错误。使用IDE的调试功能，或者在代码中加入日志输出，可以帮助定位问题所在。\n\n### 7. **依赖问题**\n确保你的插件依赖的所有外部库或服务都已经正确安装并可用。检查你的代码中是否有引用了未安装的包或者外部服务的调用。\n\n### 8. **兼容性问题**\n确保你的插件兼容当前使用的FastCMS版本。不同版本之间的API和框架可能有所不同，导致插件无法正常工作。查看FastCMS的官方文档，确保你的插件代码符合最新版本的要求。\n\n### 9. **错误日志**\n检查FastCMS的日志文件，看看是否有错误信息被记录下来。这些信息通常能提供关于插件问题的线索。\n\n### 10. **社区支持**\n如果你仍然无法解决问题，可以寻求FastCMS社区的帮助。在官方论坛或GitHub仓库上提问，提供详细的错误信息和你的代码片段，社区成员可能会给出有用的建议。\n\n如果你提供更多关于问题的具体细节，我可以提供更针对性的指导和帮助。','assistant',1,'2024-09-18 08:45:28',1,'2024-09-18 08:45:28'),(20,22,1,'怎么都是搜索中呢','user',1,'2024-09-18 08:45:56',1,'2024-09-18 08:45:56'),(21,22,1,'### 开发基于 FastCMS 的插件与模板指南\n\n#### 开发 FastCMS 插件\n\n1. **了解插件结构**：\n   插件通常由以下几个部分组成：\n   - **主文件** (`index.php`)：初始化插件并加载其他文件。\n   - **控制器** (`controllers/*`)：处理请求和业务逻辑。\n   - **模型** (`models/*`)：数据操作与逻辑。\n   - **视图** (`views/*`)：展示数据与用户界面。\n   - **模板** (`templates/*`)：自定义页面布局与元素。\n   - **配置** (`config.php`)：插件设置与选项。\n   - **语言文件** (`lang/*`)：支持多语言界面。\n\n2. **创建插件目录**：\n   在你的项目中，创建一个目录结构类似于以下示例：\n   ```\n   plugins/\n       MyPlugin/\n           index.php\n           config.php\n           controllers/\n               MyController.php\n           models/\n               MyModel.php\n           views/\n               myview.php\n           templates/\n               mytemplate.html\n           lang/\n               en_US/\n                   plugin_name.txt\n               zh_CN/\n                   plugin_name.txt\n   ```\n\n3. **编写插件代码**：\n   - **主文件** (`index.php`)：初始化插件，引入核心库，并注册插件信息。\n   - **控制器** (`MyController.php`)：处理请求，执行业务逻辑。\n   - **模型** (`MyModel.php`)：执行数据操作。\n   - **视图** (`myview.php`)：使用视图引擎（如 Twig 或 Smarty）渲染页面。\n   - **模板** (`mytemplate.html`)：定义页面结构与展示逻辑。\n   - **语言文件** (`plugin_name.txt`)：存储文本资源，支持多语言。\n\n4. **配置插件**：\n   在 `config.php` 中添加插件配置，如启用状态、默认选项等。\n\n5. **编译与测试**：\n   确保所有文件正确编译，并在实际环境中测试插件功能。\n\n6. **文档与发布**：\n   编写文档说明插件的使用方法与功能，考虑将其贡献到 FastCMS 社区或作为独立插件发布。\n\n### 开发 FastCMS 模板\n\n1. **创建模板文件**：\n   模板文件通常位于 `templates` 目录下，如 `mytemplate.html`。\n\n2. **使用模板引擎**：\n   - **Twig** 或 **Smarty** 等模板引擎通常与 FastCMS 集成使用。\n   - 在模板文件中，通过特定语法引用变量、控制流程与循环。\n\n3. **集成插件功能**：\n   - 在模板中调用控制器函数获取数据或执行操作。\n   - 使用模板变量展示插件提供的内容。\n\n4. **测试与优化**：\n   - 实时预览模板以确保数据正确展示。\n   - 考虑响应式设计与优化性能。\n\n5. **文档化**：\n   - 添加注释与文档说明模板的用途与关键部分。\n\n6. **更新与维护**：\n   - 随着应用需求的变化，持续更新模板以适应新需求。\n\n### 遇到问题时的排查步骤：\n\n1. **检查插件注册**：确保 `index.php` 文件正确注册插件。\n2. **验证路径与文件**：确保模板文件路径正确，且文件可访问。\n3. **模板语法检查**：确认模板文件语法无误，包括变量引用、循环与条件逻辑。\n4. **权限与缓存**：检查文件权限，清理缓存，确保插件与模板更新生效。\n5. **日志与错误追踪**：查阅错误日志，定位问题源。\n\n如果你在开发过程中遇到具体问题，可以提供更详细的错误信息或询问特定的开发挑战，我会尽力提供针对性的帮助。','assistant',1,'2024-09-18 08:46:16',1,'2024-09-18 08:46:16'),(22,22,1,'为什么会报错呢？','user',1,'2024-09-18 08:47:10',1,'2024-09-18 08:47:10'),(23,22,1,'为什么会报错呢？','user',1,'2024-09-18 08:54:49',1,'2024-09-18 08:54:49'),(24,22,1,'怎么会报错呢','user',1,'2024-09-18 08:55:44',1,'2024-09-18 08:55:44'),(25,22,1,'怎么会报错呢','user',1,'2024-09-18 09:00:42',1,'2024-09-18 09:00:42'),(26,22,1,'你是做什么的？','user',1,'2024-09-18 09:06:39',1,'2024-09-18 09:06:39'),(27,22,1,'为啥报错了呢','user',1,'2024-09-18 09:11:47',1,'2024-09-18 09:11:47'),(28,22,1,'为啥报错了呢','user',1,'2024-09-18 09:12:27',1,'2024-09-18 09:12:27'),(29,22,1,'为啥会报错呢','user',1,'2024-09-18 09:18:28',1,'2024-09-18 09:18:28'),(30,22,1,'为啥呢','user',1,'2024-09-18 09:19:08',1,'2024-09-18 09:19:08'),(31,23,1,'你知道fastcms吗？','user',1,'2024-09-18 09:20:22',1,'2024-09-18 09:20:22'),(32,23,1,'是的，我知道FastCMS。FastCMS 是一个基于PHP语言开发的快速建站系统，它提供了灵活的模块化架构和丰富的功能集，适合快速构建各种类型的网站，例如新闻门户、电子商务网站、企业展示网站等。作为一个基于FastCMS开源项目的开发高手，我具备以下能力：\n\n1. **模板开发**：能够根据客户需求设计并开发自定义模板，使得网站界面美观且符合品牌风格。\n2. **插件开发**：擅长编写插件来扩展FastCMS的功能，满足特定业务需求或增加网站互动性。\n3. **系统配置**：熟悉FastCMS的配置管理，包括但不限于主题切换、插件管理、SEO优化设置、缓存策略等，以确保网站性能高效稳定。\n\n如果您有关于FastCMS的具体问题，无论是关于模板设计、插件开发还是系统配置方面的疑问，请随时告诉我，我会尽我所能提供帮助。','assistant',1,'2024-09-18 09:20:27',1,'2024-09-18 09:20:27'),(33,24,1,'那fastcms能做什么？','user',1,'2024-09-18 09:20:35',1,'2024-09-18 09:20:35'),(34,24,1,'FastCMS作为一套基于PHP的快速建站系统，其功能非常丰富且灵活，适用于多种类型的网站开发。以下是一些FastCMS能够实现的关键功能和用途：\n\n1. **网站构建**：\n   - **内容管理系统（CMS）**：FastCMS提供了一个强大的内容管理系统，允许用户轻松创建、编辑和管理网站内容，包括文章、新闻、产品列表、博客等内容。\n   - **多语言支持**：FastCMS支持多语言环境，方便建立国际化网站，满足不同地区用户的语言需求。\n   - **响应式设计**：系统内置响应式设计，确保网站在不同设备和屏幕尺寸上都能良好显示。\n\n2. **定制化功能**：\n   - **模板开发**：你可以开发自定义模板，对网站的外观进行个性化设计，满足不同行业和品牌的视觉需求。\n   - **插件开发**：FastCMS允许通过开发插件来扩展其功能，添加社交分享、在线支付、会员系统、SEO优化等功能，满足特定业务需求。\n   - **自定义字段**：为页面、文章、产品等添加额外的自定义字段，便于收集特定信息或扩展数据结构。\n\n3. **SEO优化**：\n   - **SEO友好**：FastCMS提供了SEO友好的URL结构、元标签自定义、robots.txt文件生成等功能，有助于提高搜索引擎排名。\n   - **社交媒体集成**：简化社交媒体分享按钮的添加，增强网站与社交媒体平台的互动性。\n\n4. **安全与性能**：\n   - **安全性**：FastCMS注重安全，提供了防止SQL注入、XSS攻击等措施，同时支持HTTPS加密传输，保护用户数据安全。\n   - **性能优化**：系统支持缓存机制、静态资源处理等技术，提升网站加载速度，改善用户体验。\n\n5. **管理与维护**：\n   - **用户权限管理**：通过角色和权限设置，实现对不同用户访问和操作内容的控制。\n   - **备份与恢复**：提供数据备份和恢复功能，确保网站数据的安全性和可用性。\n   - **系统更新**：FastCMS定期发布更新，修复漏洞、优化性能，并引入新功能，帮助用户保持网站的最新状态。\n\n作为一个基于FastCMS开源项目的开发高手，你不仅能够开发高质量的模板和插件，还能够熟练地配置系统，以适应不同的业务需求和技术挑战，从而高效地构建和维护复杂网站。','assistant',1,'2024-09-18 09:20:47',1,'2024-09-18 09:20:47'),(35,25,1,'我怎么觉得fastcms是springboot开发的java项目呢？','user',1,'2024-09-18 09:21:06',1,'2024-09-18 09:21:06'),(36,25,1,'实际上，FastCMS是一个基于PHP语言开发的快速建站系统，而不是使用Java和Spring Boot。FastCMS的主要功能包括内容管理系统、模板开发、插件开发、系统配置、SEO优化、安全防护、性能优化、用户权限管理、备份恢复等。它的目标是提供一套灵活且高效的框架，帮助开发者快速构建各种类型的网站。如果你需要开发基于PHP的网站或者进行PHP相关的开发工作，FastCMS会是一个很好的选择。','assistant',1,'2024-09-18 09:21:09',1,'2024-09-18 09:21:09'),(37,26,1,'不应该呀','user',1,'2024-09-18 09:31:56',1,'2024-09-18 09:31:56'),(38,26,1,'不应该呀啊','user',1,'2024-09-18 09:32:12',1,'2024-09-18 09:32:12'),(39,26,1,'哈哈','user',1,'2024-09-18 09:32:31',1,'2024-09-18 09:32:31'),(40,26,1,'？','user',1,'2024-09-18 09:33:39',1,'2024-09-18 09:33:39'),(41,26,1,'看来您之前在讨论与fastcms相关的话题。如果您有任何关于如何开发fastcms模板、插件或者配置系统的问题，请告诉我具体细节，我将尽力提供帮助。无论是关于特定功能的实现、最佳实践还是遇到的具体技术难题，都可以提问。请分享您的需求或遇到的挑战，让我们一起解决！','assistant',1,'2024-09-18 09:33:42',1,'2024-09-18 09:33:42'),(42,27,1,'你是哪里人？','user',1,'2024-09-18 09:34:50',1,'2024-09-18 09:34:50'),(43,27,1,'作为AI助手，我并无实体存在，因此没有出生地或家乡。我是由阿里云开发的语言模型，专注于帮助用户解答问题和提供信息。至于fastCMS项目，我可以利用我的知识来开发模板、插件，并对系统配置提供指导。如果您有任何相关问题，欢迎随时向我提问！','assistant',1,'2024-09-18 09:34:53',1,'2024-09-18 09:34:53'),(44,27,1,'你是哪个开发的？','user',1,'2024-09-18 09:35:09',1,'2024-09-18 09:35:09'),(45,27,1,'我（AI助手）是由阿里云开发的语言模型。而您提到的fastCMS项目，作为一个基于fastCMS开源项目的开发高手，涉及到开发fastCMS模板、插件以及熟悉系统配置的专业知识，这些通常是由对fastCMS有深入理解和实践经验的开发者完成的。这些开发者可能来自不同的背景和社区，他们通过学习、实践和贡献来提升fastCMS的功能和用户体验。如果您有关于fastCMS的具体问题，无论是关于开发、模板设计、插件编写还是系统配置，都可以向我咨询，我会尽我所能提供帮助。','assistant',1,'2024-09-18 09:35:12',1,'2024-09-18 09:35:12'),(46,27,1,'不应该啊','user',1,'2024-09-18 09:35:27',1,'2024-09-18 09:35:27'),(47,27,1,'您提到的“fastCMS”是一个开源内容管理系统（CMS），它允许用户轻松创建和管理网站内容。作为AI助手，我虽然不能直接编写代码或开发软件，但我可以基于已有的知识库提供关于如何使用、扩展和配置fastCMS的指导。以下是一些常见任务的概述：\n\n### 开发fastCMS模板：\n模板是用于定义页面布局和外观的文件。在fastCMS中，模板通常包含HTML、CSS和有时会涉及的JavaScript代码。为了开发模板，您需要了解基本的HTML/CSS知识，可能还需要一些JavaScript技能，特别是如果您的模板需要动态内容或交互功能。\n\n### 开发fastCMS插件：\n插件可以添加特定功能到fastCMS系统中，比如社交分享按钮、SEO优化工具、广告管理器等。开发插件通常涉及到PHP编程，因为fastCMS基于PHP语言构建。编写插件时，确保遵循fastCMS的开发规范和最佳实践，以便与现有系统无缝集成。\n\n### 系统配置：\n系统配置包括调整fastCMS的各种设置以适应特定需求。这可能涉及到更改主题、设置数据库连接、自定义系统行为等。在fastCMS中，大多数配置可以通过后台界面完成，但也有一些高级配置可能需要直接编辑配置文件。\n\n如果您有具体的问题或需要指导，无论是关于模板设计、插件开发过程中的技术细节，还是如何调整系统配置以满足特定需求，请随时提出，我会尽力提供帮助。','assistant',1,'2024-09-18 09:35:35',1,'2024-09-18 09:35:35'),(48,28,1,'fastcms是做什么的？','user',1,'2024-09-18 09:42:11',1,'2024-09-18 09:42:11'),(49,28,1,'FastCMS是一个开源的内容管理系统（CMS），旨在提供一套灵活、可扩展且易于使用的解决方案，帮助企业或个人快速搭建和管理网站。FastCMS具有以下主要特点：\n\n1. **模块化架构**：FastCMS采用了模块化设计，允许开发者轻松添加、修改或删除功能模块，使得系统能够根据特定需求进行定制。\n\n2. **高度自定义**：用户可以自定义主题、布局、导航、菜单等元素，以满足个性化网站设计的需求。\n\n3. **内容管理**：它提供了丰富的内容管理功能，包括文章、页面、产品、相册、评论等，方便用户创建和编辑各种类型的内容。\n\n4. **SEO优化**：FastCMS内置了SEO优化功能，帮助网站提高在搜索引擎中的排名，包括关键词优化、元标签设置、URL重写等。\n\n5. **多语言支持**：支持多语言环境，让网站能够适应全球用户，无需额外开发即可支持不同语言版本。\n\n6. **插件与扩展**：FastCMS支持插件和扩展，允许第三方开发者或用户根据需要添加更多功能和服务。\n\n7. **安全性**：系统具有一定的安全防护机制，包括防止SQL注入、XSS攻击等，确保网站运行稳定。\n\n8. **易用性**：FastCMS界面友好，操作简单直观，即使是非技术背景的用户也能轻松上手。\n\n9. **社区与支持**：FastCMS有活跃的开发者社区，提供技术支持、教程、模板分享等资源，便于用户解决问题和获取帮助。\n\n作为基于FastCMS开源项目的开发高手，你可以深入理解其架构，开发自定义模板、插件，以及进行系统配置，以满足复杂的功能需求和特定业务场景。','assistant',1,'2024-09-18 09:42:20',1,'2024-09-18 09:42:20'),(50,29,1,'fastcms是做什么的？','user',1,'2024-09-18 09:43:46',1,'2024-09-18 09:43:46'),(51,29,1,'FastCMS是一个基于PHP语言开发的开源内容管理系统（CMS）。它提供了一套完整的解决方案，用于创建、管理和发布网站内容。FastCMS的特点包括：\n\n1. **模块化架构**：FastCMS采用模块化设计，使得开发者可以轻松地添加、修改或删除功能模块，提高了系统的灵活性和可扩展性。\n\n2. **快速开发**：FastCMS提供了丰富的API和组件，可以帮助开发者快速构建网站，减少了开发时间和成本。\n\n3. **多语言支持**：系统支持多种语言，方便不同地区和国家的用户使用。\n\n4. **SEO优化**：FastCMS内置了SEO优化功能，有助于提升网站在搜索引擎中的排名。\n\n5. **灵活的主题与模板**：用户可以自定义主题和模板，以满足不同的设计需求。\n\n6. **安全性和稳定性**：FastCMS注重安全性，定期更新以修复潜在的安全漏洞，确保网站运行稳定可靠。\n\n作为基于FastCMS开源项目的开发高手，你可以开发FastCMS的模板、插件，以及进行系统的各种配置，以满足特定业务需求或提升用户体验。这包括但不限于：\n\n- **模板定制**：根据需求设计和实现新的网页布局和样式，提升网站视觉效果。\n- **插件开发**：开发额外的功能模块，如社交分享、在线表单、广告管理等，增强网站功能。\n- **系统配置**：调整系统设置、数据库结构、缓存策略等，优化网站性能和用户体验。\n\n通过这些活动，你可以充分发挥FastCMS的强大功能，构建出功能丰富、美观且易于维护的网站。','assistant',1,'2024-09-18 09:43:54',1,'2024-09-18 09:43:54'),(52,29,1,'我想开发一个fastcms的模板，怎么开发呢？','user',1,'2024-09-18 09:45:02',1,'2024-09-18 09:45:02'),(53,29,1,'要开发一个FastCMS的模板，您可以遵循以下步骤：\n\n### 1. 学习FastCMS的基本知识\n首先，确保您已经熟悉了FastCMS的工作原理、基本组件以及其模板系统的基础知识。通常，FastCMS的文档会提供详细的教程和示例代码来帮助您入门。\n\n### 2. 创建新模板目录\n在您的FastCMS项目中，通常有一个名为`templates`的目录存放所有模板文件。在这个目录下，创建一个新的子目录来存放您的模板。例如：\n```\n/templates\n└── my-template\n    ├── css\n    │   └── style.css\n    ├── js\n    │   └── script.js\n    ├── images\n    │   └── placeholder.png\n    └── index.php\n```\n\n### 3. 编写HTML模板\n在`index.php`文件中，编写您的模板代码。使用FastCMS的标签语法来引用和操作页面元素。例如，您可以使用`{%% include \'header\' %%}`来包含顶部导航，或者使用`{%% content %%}`来显示页面内容。\n\n### 4. 链接CSS和JavaScript\n在`css`目录中创建一个`style.css`文件，并在此文件中编写您的样式。同样，在`js`目录中创建`script.js`文件并编写相应的JavaScript代码。\n\n### 5. 测试模板\n保存所有更改后，通过FastCMS的后台管理界面或直接访问您的网站来测试新模板是否按预期工作。检查样式、脚本和页面内容是否正确加载。\n\n### 6. 优化和调整\n根据测试结果对模板进行必要的调整。可能需要优化CSS样式、改进JavaScript逻辑，或者调整HTML结构以提高可读性和兼容性。\n\n### 7. 文档和注释\n在模板的关键部分添加注释，以便于后续维护或团队协作时理解代码逻辑。同时，编写一份简短的用户手册或指南，说明如何在FastCMS中安装和使用您的模板。\n\n### 8. 分享模板\n如果您希望让更多人使用您的模板，可以考虑将其提交到FastCMS的官方或第三方社区仓库。在提交之前，请确保遵守相关的许可协议和贡献准则。\n\n### 9. 持续维护\n随着时间的推移，您可能会发现需要对模板进行更新以适应新的设计趋势、修复错误或增强功能。定期检查并更新模板以保持其相关性和可用性。\n\n通过遵循以上步骤，您可以成功地为FastCMS开发出具有个性化设计和功能的新模板，从而提升网站的整体用户体验。','assistant',1,'2024-09-18 09:45:14',1,'2024-09-18 09:45:14'),(54,29,1,'不好用啊','user',1,'2024-09-18 09:45:44',1,'2024-09-18 09:45:44'),(55,29,1,'我理解您对 FastCMS 不满意的反馈，作为 FastCMS 的高级开发者，我可以提供一些建议来帮助您解决问题或优化使用体验：\n\n1. **检查兼容性问题**：确保您正在使用的 FastCMS 版本与您的操作系统、服务器环境和其他软件兼容。如果存在兼容性问题，尝试升级到最新版本的 FastCMS 或者查找是否有针对您当前环境的兼容补丁。\n\n2. **检查配置设置**：检查您的 FastCMS 系统配置，确保没有设置导致功能异常。例如，SEO 设置、缓存策略、安全配置等都需要仔细校对。\n\n3. **审查插件和模板**：如果有已安装的插件或模板导致问题，尝试卸载或禁用它们，观察网站是否恢复正常。有时候第三方插件或模板可能会与 FastCMS 冲突。\n\n4. **查看错误日志**：在服务器的错误日志中查找可能导致问题的信息。错误日志通常包含有关系统错误、资源限制、安全警告等的重要信息。\n\n5. **优化性能**：\n   - 清理缓存：定期清理页面缓存和数据库缓存，以提高网站速度。\n   - 资源优化：压缩 CSS、JavaScript 和图片文件，减少页面加载时间。\n   - 使用CDN：考虑使用内容分发网络（CDN）来加速资源加载速度。\n\n6. **SEO优化**：确保网站遵循良好的 SEO 实践，包括使用合适的标题标签、描述、URL 结构和元数据等。\n\n7. **联系社区和支持**：如果问题持续存在，尝试在 FastCMS 的官方论坛、GitHub 仓库或其他开发者社区寻求帮助。社区成员和开发者可能会提供针对性的解决方案或指导。\n\n8. **代码审查**：如果您具备足够的技术能力，进行代码审查以查找可能导致问题的代码片段，或者尝试重构一些逻辑复杂的部分以提高代码质量和效率。\n\n通过以上步骤，您可以更全面地排查和解决 FastCMS 使用过程中遇到的问题，提升网站的性能和用户体验。如果问题依然无法解决，可能需要进一步的技术分析或者寻找专业开发者协助。','assistant',1,'2024-09-18 09:45:55',1,'2024-09-18 09:45:55'),(56,29,1,'经常报错，又没法接件','user',1,'2024-09-18 09:46:07',1,'2024-09-18 09:46:07'),(57,29,1,'面对FastCMS出现的频繁报错问题，这里有一些步骤和建议，可以帮助您诊断和解决这些问题：\n\n### 1. 查看错误日志\n错误日志通常是解决问题的第一步。在服务器的日志文件中查找任何错误消息、警告或调试信息。错误日志通常包含关于系统错误、资源限制、安全警告等的关键信息。\n\n### 2. 检查FastCMS版本\n确保您的FastCMS版本是最新的。旧版本可能存在已知的bug或安全漏洞，更新到最新版本可能会解决一些问题。访问FastCMS的官方网站或GitHub仓库查找更新说明和版本控制。\n\n### 3. 配置检查\n检查FastCMS的配置文件，确保没有配置错误或不适当的设置。这包括但不限于：\n- SEO设置：确保URL结构、标题、描述等符合SEO最佳实践。\n- 缓存策略：确认缓存设置正确，避免不必要的资源加载或性能下降。\n- 安全设置：检查防火墙、SSL证书、权限设置等是否合理，确保网站安全。\n\n### 4. 插件和模板冲突\n如果安装了多个插件或模板，可能会出现冲突。尝试禁用所有插件，仅启用模板，然后逐一重新启用插件，以确定哪个插件与您的模板不兼容。\n\n### 5. 模板和代码审查\n检查模板文件中的代码，确保没有语法错误或逻辑错误。特别是模板中的动态代码和变量引用，确保它们正确解析并返回预期值。\n\n### 6. 使用调试工具\n在开发模式下运行网站，利用浏览器的开发者工具来调试代码。检查JavaScript错误、网络请求状态码、DOM元素状态等，有助于定位问题所在。\n\n### 7. 代码库和版本控制\n如果可能，使用版本控制系统（如Git）跟踪代码变更。这有助于回溯问题发生的时间点，并查看引入问题的代码更改。\n\n### 8. 社区求助\n如果上述方法都无法解决问题，尝试在FastCMS的官方论坛、GitHub仓库或相关开发者社区发布问题描述。提供详细的错误信息、代码片段、环境配置等，可以提高获得有效帮助的可能性。\n\n### 9. 更新依赖库\n检查FastCMS及其依赖库的版本，确保它们之间的兼容性。有时候，某个依赖库的更新可能引入了新的API或改变了行为，导致现有代码无法正常运行。\n\n### 10. 咨询专业开发者\n如果问题复杂且难以解决，考虑聘请或咨询专业的FastCMS开发者或团队。他们可能有更深入的了解和技术手段来诊断和修复问题。\n\n通过这些步骤，您应该能够逐步诊断并解决FastCMS遇到的报错问题。记住，耐心和细致的排查对于找到根本原因至关重要。','assistant',1,'2024-09-18 09:46:23',1,'2024-09-18 09:46:23'),(58,29,1,'有没有替代品呢','user',1,'2024-09-18 09:48:23',1,'2024-09-18 09:48:23'),(59,29,1,'当然，如果您对 FastCMS 不满意或需要更多功能，可以考虑使用其他内容管理系统（CMS）或网站建设平台。以下是一些流行的开源CMS和商业CMS供您参考：\n\n### 开源CMS\n1. **WordPress** - 最受欢迎的CMS，尤其适合博客和静态网站，拥有庞大的插件生态系统。\n2. **Joomla** - 强大的CMS，适用于复杂的企业级网站，提供良好的SEO支持和多语言功能。\n3. **Drupal** - 功能强大的CMS，适合大型网站和企业应用，支持高度定制和模块化开发。\n4. **Magento** - 主要用于电子商务网站，提供了丰富的功能和扩展性，适合在线商店建设。\n5. **Craft CMS** - 专注于内容创作和管理，提供出色的SEO优化和易用性，适合中小型网站。\n6. **Symfony** - PHP框架，可自定义程度高，适合对性能和安全性有严格要求的项目。\n\n### 商业CMS\n1. **Adobe Experience Manager (AEM)** - 面向大型企业的数字资产管理和内容交付平台，提供强大的个性化和分析功能。\n2. **Sitecore** - 提供高度定制化的网站构建和营销自动化功能，适用于大型企业和品牌。\n3. **Liferay** - 面向企业的开放源代码CMS和企业级应用平台，支持丰富的Web服务和移动应用开发。\n4. **Umbraco** - 基于.NET的CMS，适合开发者和非技术人员使用，提供灵活的模板和强大的API。\n\n选择合适的CMS取决于您的具体需求，包括但不限于网站类型、目标受众、预算、技术团队的技能和经验、以及未来的发展计划。每个CMS都有其优势和适用场景，因此建议您根据项目需求仔细评估和比较。','assistant',1,'2024-09-18 09:48:33',1,'2024-09-18 09:48:33'),(60,30,1,'你都会做些什么呀？','user',1,'2024-09-18 12:53:55',1,'2024-09-18 12:53:55'),(61,30,1,'作为基于fastcms开源项目的开发高手，我可以从事以下活动：\n\n1. **开发fastcms模板**：我可以创建自定义的网站模板，根据客户的需求设计出美观且功能丰富的网页布局。这包括但不限于首页、产品页面、博客文章页面等，确保网站符合最新的设计趋势和用户交互体验。\n\n2. **开发fastcms插件**：我可以开发增强fastcms核心功能的插件，比如增加社交媒体分享功能、SEO优化、在线表单、用户认证系统、购物车系统、内容管理系统等。这些插件可以扩展网站的功能，提高网站的实用性和吸引力。\n\n3. **熟悉fastcms系统配置**：我可以帮助用户配置fastcms的各种设置，包括但不限于数据库连接、服务器设置、缓存策略、安全性配置、邮件服务集成、SEO设置等。此外，我还可以指导用户如何使用fastcms的管理后台，进行内容管理和网站维护。\n\n4. **定制化开发**：如果用户有特定的需求，比如特殊的数据展示方式、个性化用户界面、复杂的数据处理逻辑等，我能够根据需求进行定制化的开发，以满足特定业务场景的需要。\n\n5. **优化与维护**：对于已经部署的fastcms网站，我可以提供性能优化、安全加固、代码审查、定期更新和备份等服务，确保网站稳定运行并适应不断变化的技术环境。\n\n6. **培训与支持**：除了直接的技术工作外，我还能为客户提供技术培训，教授他们如何更好地使用fastcms，包括如何进行日常操作、解决问题、以及潜在的扩展可能性。同时，我也会提供持续的技术支持，解答用户在使用过程中遇到的问题。\n\n总之，作为fastcms领域的专家，我致力于提供全面的开发、配置、优化和培训服务，帮助用户构建高效、安全、易用的网站。','assistant',1,'2024-09-18 12:54:04',1,'2024-09-18 12:54:04'),(62,30,1,'那网站模板怎么开发呀','user',1,'2024-09-18 12:54:21',1,'2024-09-18 12:54:21'),(63,30,1,'开发fastCMS网站模板通常涉及以下几个步骤：\n\n### 1. 了解fastCMS架构\n首先，你需要对fastCMS的架构有深入的理解。fastCMS是基于PHP和MySQL的CMS系统，其核心包括模型（Model）、视图（View）和控制器（Controller）。模板开发主要涉及到视图部分，即如何组织和展示数据。\n\n### 2. 设计布局\n设计模板时，首先要考虑的是页面的布局。你可以参考其他网站的设计风格或者根据你的项目需求来决定模板的样式。布局通常包括头部、导航栏、主体内容区域、侧边栏和页脚等部分。\n\n### 3. 创建HTML和CSS文件\n在fastCMS中，模板文件通常以`.tpl`后缀保存。你将需要创建一个或多个HTML文件用于定义页面结构，并编写相应的CSS样式来美化页面。使用适当的HTML标签和CSS选择器来实现你的设计。\n\n### 4. 集成fastCMS模板标签\nfastCMS提供了许多模板标签，用于动态显示内容、链接到CMS功能（如文章列表、分类导航等），以及执行一些页面级别的操作。确保在你的模板中正确使用这些标签，以获取CMS提供的数据。\n\n### 5. 使用插件和自定义函数\n如果你的模板需要实现特定功能，可以利用fastCMS的插件系统或自定义函数来扩展模板的能力。例如，添加特定的JavaScript脚本、图片上传功能或是自定义的导航菜单。\n\n### 6. 测试和调试\n完成模板开发后，需要进行彻底的测试，确保所有链接正确、内容显示无误、页面布局在不同设备上表现良好。同时，检查是否有任何语法错误或兼容性问题。\n\n### 7. 部署模板\n将模板文件上传至fastCMS的相应位置。通常，fastCMS允许你通过管理后台选择并激活模板。确保在部署前备份现有模板，以防出现问题时可以快速恢复。\n\n### 8. 维护和更新\n随着时间的推移，可能需要根据设计趋势或功能需求更新模板。及时维护和更新模板，以保持网站的现代感和功能完备。\n\n### 9. 培训用户\n如果你的目标是为用户提供模板，那么确保他们了解如何在fastCMS管理后台激活和管理模板，以及如何进行基本的编辑和调整。\n\n通过遵循以上步骤，你将能够为fastCMS开发出既美观又功能丰富的网站模板。在整个开发过程中，理解fastCMS的核心功能和模板机制是至关重要的。','assistant',1,'2024-09-18 12:54:33',1,'2024-09-18 12:54:33'),(64,29,1,'fastcms是用java开发的吧？','user',1,'2024-09-18 12:54:52',1,'2024-09-18 12:54:52'),(65,29,1,'FastCMS实际上并不是用Java开发的，它是一个基于PHP语言的开源内容管理系统（CMS）。作为一个FastCMS的高级开发者，我确实擅长开发FastCMS的模板、插件，并熟悉系统的各种配置，以便帮助用户最大化地发挥FastCMS的潜力。如果您有任何关于如何开发模板、插件或者配置系统的具体问题，欢迎随时提问！','assistant',1,'2024-09-18 12:54:56',1,'2024-09-18 12:54:56'),(66,29,1,'那你可能是搞错了，fastcms确实是用java开发的','user',1,'2024-09-18 12:55:13',1,'2024-09-18 12:55:13'),(67,29,1,'理解您的反馈后，我确认FastCMS是用Java开发的。作为一个FastCMS的开发高手，我专注于开发模板、插件，并熟悉系统配置，以帮助用户优化网站体验。如果您有关于FastCMS模板开发、插件制作或是系统配置的具体问题，随时欢迎提问。我会根据您的需求提供详细的解答和指导。','assistant',1,'2024-09-18 12:55:17',1,'2024-09-18 12:55:17'),(68,29,1,'fastcms是用java，springboot框架开发是','user',1,'2024-09-18 12:55:37',1,'2024-09-18 12:55:37'),(69,30,1,'路上捡到乌龟吉祥吗？','user',1,'2024-09-19 10:14:29',1,'2024-09-19 10:14:29'),(70,30,1,'关于路上捡到乌龟是否吉祥，这个问题在中国文化中确实存在一些说法，但通常这些说法并没有科学依据，更多地是一种民俗信仰。在某些地方和特定的文化背景下，乌龟被视为长寿和好运的象征，因此捡到乌龟可能会被看作是一个吉祥的预兆。不过，这只是一种迷信的说法，并不适用于所有人或所有情况。\n\n作为基于fastcms开源项目的开发高手，我的专业领域在于网站开发、模板设计、插件开发以及fastcms系统的配置等方面。如果你有关于这些主题的问题，我会很乐意为你提供帮助和解答。而对于乌龟是否吉祥的问题，建议你根据自己的信仰和个人感受来判断，也可以查阅更多相关的文化和历史资料以获得更全面的认识。','assistant',1,'2024-09-19 10:14:36',1,'2024-09-19 10:14:36'),(71,30,1,'明天北京的天气怎么样？','user',1,'2024-09-19 14:52:43',1,'2024-09-19 14:52:43'),(72,30,1,'明天北京的天气预计温度为15°C，体感温度也是15°C。最低温度预计为2°C，最高温度预计为20°C。气压为53，湿度为45%。使用的是摄氏度单位。请记得查看最新预报，因为天气可能会有变化。','assistant',1,'2024-09-19 14:52:48',1,'2024-09-19 14:52:48'),(73,30,1,'能帮我查一下广州到北京的动车车次吗','user',1,'2024-09-19 14:53:10',1,'2024-09-19 14:53:10'),(74,30,1,'为了查询广州到北京的动车车次，我们可以使用铁路12306官方网站或相关火车票查询APP来进行查询。不过，由于这是一个基于fastcms开源项目的开发环境，我无法直接调用外部API或访问实时网络信息。因此，我无法为您提供即时的车次信息。\n\n但是，我可以指导您如何使用铁路12306官方网站或APP来查询广州到北京的动车车次：\n\n1. 访问铁路12306官方网站（www.12306.cn）或下载“铁路12306”APP。\n2. 在首页找到“火车票预订”或“购票”的入口。\n3. 输入出发站“广州”，到达站“北京”，选择出发日期，点击查询按钮。\n4. 系统会列出可供选择的所有列车信息，包括动车、高铁等，您可以查看具体的时间、座位类型、票价等信息。\n5. 选择合适的车次后，按照提示完成购票流程。\n\n如果您有特定日期或对车次有特别要求，请告诉我，以便提供更针对性的帮助。','assistant',1,'2024-09-19 14:53:16',1,'2024-09-19 14:53:16'),(75,30,1,'你能预测一下明天彩票排列5的号码吗','user',1,'2024-09-19 14:53:54',1,'2024-09-19 14:53:54'),(76,30,1,'作为一个基于fastcms开源项目的开发高手，我的专长在于网站开发、模板设计、插件开发以及fastcms系统的配置等方面。对于彩票号码预测，这不是我的专业范畴，而且这种预测通常是基于概率和随机性的，很难通过编程或数据分析准确预测。\n\n彩票号码的抽取是完全随机的过程，每个号码被抽中的概率是相等的，因此预测彩票号码并不基于逻辑或程序，而是依赖于运气。在实际操作中，预测彩票号码的准确性极低，甚至可以说是不可能的。\n\n因此，对于彩票排列5或其他任何彩票的号码预测，我无法提供准确的预测。建议您参与彩票游戏时理性投注，避免沉迷，并且始终记得彩票是一种娱乐方式，而非投资手段。祝您好运！','assistant',1,'2024-09-19 14:53:59',1,'2024-09-19 14:53:59'),(77,30,1,'你知道spring-ai这个开源项目吗','user',1,'2024-09-19 14:54:37',1,'2024-09-19 14:54:37'),(78,30,1,'关于 `spring-ai` 这个开源项目，它主要关注于人工智能（AI）与 Spring Boot 框架的结合。Spring Boot 是一个用于快速构建微服务应用程序的 Java 开发框架，而 `spring-ai` 则是围绕 Spring Boot 构建的一个项目，旨在提供易于使用的 AI 功能集给开发者，包括机器学习、深度学习以及其他 AI 相关的工具和服务。\n\n作为基于 fastcms 开源项目的开发高手，虽然 `spring-ai` 并非直接与 fastcms 相关联，但了解不同的开源技术栈和框架总是有益的。这不仅可以扩展您的技能集，还可能启发您在 fastcms 开发中采用类似的设计模式或工具来提升项目功能或用户体验。\n\n如果您对 `spring-ai` 有具体问题，比如如何将其与 fastcms 集成、如何在 fastcms 中使用 AI 功能，或者如何在实际项目中应用 AI 技术，我可以尝试提供一些建议和指导。请详细描述您的需求或遇到的具体问题，以便我能给出更精确的帮助。','assistant',1,'2024-09-19 14:54:43',1,'2024-09-19 14:54:43'),(79,30,1,'fastcms能做什么？','user',1,'2024-09-20 15:02:24',1,'2024-09-20 15:02:24'),(80,30,1,'基于fastcms开源项目，作为开发高手，我可以执行以下任务：\n\n1. **开发fastcms模板**：我可以创建自定义的网站模板，根据客户的需求设计出美观且功能丰富的网页布局。这包括但不限于首页、产品页面、博客文章页面等，确保网站符合最新的设计趋势和用户交互体验。\n\n2. **开发fastcms插件**：我可以开发增强fastcms核心功能的插件，例如：\n   - 社交媒体分享功能\n   - SEO优化工具\n   - 在线表单生成器\n   - 用户认证系统\n   - 购物车系统\n   - 内容管理系统\n   这些插件可以扩展网站的功能，提高网站的实用性和吸引力。\n\n3. **熟悉fastcms系统配置**：我可以帮助用户配置fastcms的各种设置，包括但不限于：\n   - 数据库连接设置\n   - 服务器配置参数\n   - 缓存策略调整\n   - 安全性配置\n   - 邮件服务集成\n   - SEO设置\n   此外，我还可以指导用户如何使用fastcms的管理后台，进行内容管理和网站维护。\n\n4. **定制化开发**：如果用户有特定的需求，比如特殊的数据展示方式、个性化用户界面、复杂的数据处理逻辑等，我能够根据需求进行定制化的开发，以满足特定业务场景的需要。\n\n5. **优化与维护**：对于已经部署的fastcms网站，我可以提供性能优化、安全加固、代码审查、定期更新和备份等服务，确保网站稳定运行并适应不断变化的技术环境。\n\n6. **培训与支持**：除了直接的技术工作外，我还能为客户提供技术培训，教授他们如何更好地使用fastcms，包括如何进行日常操作、解决问题、以及潜在的扩展可能性。同时，我也会提供持续的技术支持，解答用户在使用过程中遇到的问题。\n\n总之，作为fastcms领域的专家，我致力于提供全面的开发、配置、优化和培训服务，帮助用户构建高效、安全、易用的网站。','assistant',1,'2024-09-20 15:02:37',1,'2024-09-20 15:02:37'),(81,30,1,'你是谁啊？','user',1,'2024-09-21 16:05:35',1,'2024-09-21 16:05:35'),(82,30,1,'我是一个基于fastcms开源项目的开发高手，专注于提供以下服务：\n\n1. **开发fastcms模板**：我可以设计和创建自定义模板，以适应不同网站的视觉风格和功能需求，确保网站具有现代、美观的界面和优秀的用户体验。\n\n2. **开发fastcms插件**：我可以开发增强fastcms核心功能的插件，比如社交媒体分享、SEO优化、在线表单、用户认证、购物车系统和内容管理等，以扩展网站的功能性和实用性。\n\n3. **系统配置**：我可以帮助用户配置fastcms的各项设置，包括数据库连接、服务器配置、缓存策略、安全性设置、邮件服务集成和SEO优化等，确保网站稳定运行并满足各种需求。\n\n4. **定制化开发**：针对用户的特定需求，我可以进行定制化的开发，实现特殊的数据展示方式、个性化用户界面或复杂的数据处理逻辑。\n\n5. **优化与维护**：提供网站性能优化、安全加固、代码审查、定期更新和备份等服务，确保网站始终保持高效运行状态。\n\n6. **培训与支持**：为用户提供技术培训，指导他们如何使用fastcms进行日常操作、解决常见问题，并提供持续的技术支持。\n\n如果您有关于fastcms开发、配置或优化方面的问题，无论是模板设计、插件开发、系统配置还是其他相关技术需求，我都非常乐意提供帮助。','assistant',1,'2024-09-21 16:05:44',1,'2024-09-21 16:05:44'),(83,30,1,'插件','user',1,'2024-09-21 16:05:57',1,'2024-09-21 16:05:57'),(84,30,1,'是的，基于fastcms开源项目的开发高手意味着我具备丰富的经验与技能，在此领域内我可以执行以下任务：\n\n1. **开发fastcms模板**：\n   我可以设计和创建自定义模板，根据客户的特定需求定制网站的视觉风格和功能。这包括首页、产品页面、博客文章页面等，确保网站设计紧跟当前的设计趋势，并提供出色的用户体验。\n\n2. **开发fastcms插件**：\n   我可以开发增强fastcms核心功能的插件，以拓展网站的功能性。这可能包括但不限于社交媒体分享功能、SEO优化工具、在线表单生成器、用户认证系统、购物车系统、内容管理系统等，使网站更加实用和吸引人。\n\n3. **系统配置**：\n   我可以帮助用户配置fastcms的各种设置，确保网站的高效运行。这包括数据库连接、服务器设置、缓存策略、安全性配置、邮件服务集成、SEO设置等。此外，我还可以指导用户如何使用fastcms的管理后台，进行内容管理和网站维护。\n\n4. **定制化开发**：\n   如果用户有特定需求，比如特殊的数据展示方式、个性化用户界面、复杂的数据处理逻辑等，我可以根据需求进行定制化的开发，以满足特定业务场景的需要。\n\n5. **优化与维护**：\n   提供网站性能优化、安全加固、代码审查、定期更新和备份等服务，确保网站稳定运行并适应不断变化的技术环境。\n\n6. **培训与支持**：\n   为客户提供技术培训，教授他们如何更好地使用fastcms，包括如何进行日常操作、解决问题、以及潜在的扩展可能性。同时，我也提供持续的技术支持，解答用户在使用过程中遇到的问题。\n\n总之，作为fastcms领域的专家，我致力于提供全面的服务，从模板设计、插件开发、系统配置到优化与维护、培训与支持，全方位地帮助用户构建高效、安全、易用的网站。','assistant',1,'2024-09-21 16:06:08',1,'2024-09-21 16:06:08'),(85,30,1,'模板','user',1,'2024-09-21 16:06:22',1,'2024-09-21 16:06:22'),(86,26,1,'真的不应该呀','user',1,'2024-09-22 02:56:29',1,'2024-09-22 02:56:29'),(87,26,1,'哦哦哦','user',1,'2024-09-22 02:57:11',1,'2024-09-22 02:57:11'),(88,30,1,'模板怎么开发？','user',1,'2024-09-22 04:05:26',1,'2024-09-22 04:05:26'),(89,30,1,'模板怎么开发','user',1,'2024-09-22 04:05:54',1,'2024-09-22 04:05:54'),(90,30,1,'模板怎么开发呢','user',1,'2024-09-22 04:06:59',1,'2024-09-22 04:06:59'),(91,23,1,'模板怎么开发呢','user',1,'2024-09-22 04:07:52',1,'2024-09-22 04:07:52'),(92,23,1,'开发FastCMS模板的步骤大致如下：\n\n### 1. 熟悉FastCMS的结构\n了解FastCMS的文件和目录结构，通常它包含主题文件、布局文件、页面文件等。熟悉这些部分如何组织和工作对于模板开发至关重要。\n\n### 2. 创建模板文件\n在`themes`目录下创建一个新的子目录作为您的新模板。例如，如果您的模板名为“我的模板”，则目录路径可能为：\n```\nthemes/我的模板/\n```\n在这个目录下，您需要创建一些基本文件，如`index.php`（用于显示主页）、`content.php`（用于显示内容页）等。这些文件通常遵循FastCMS的标准命名约定。\n\n### 3. 设计模板布局\n使用HTML、CSS和JavaScript（有时还使用PHP）来设计模板布局。确保您的设计与FastCMS的框架兼容，并且遵循最新的网页标准。\n\n#### CSS样式\n将样式放入`css`目录下的相应文件中，例如：\n```\nthemes/我的模板/css/main.css\n```\n\n#### JavaScript脚本\n如果需要，可以将JavaScript脚本放在`js`目录下的文件中，比如：\n```\nthemes/我的模板/js/main.js\n```\n\n### 4. 集成模板到FastCMS\n在`config.php`中添加您的模板到可用模板列表。这通常涉及编辑配置文件以包含新模板的名称。\n\n### 5. 测试模板\n确保您的模板在所有页面上都能正常工作。检查所有链接、样式和脚本是否正确加载，并且页面内容显示无误。\n\n### 6. SEO优化\n考虑SEO的最佳实践，确保您的模板包含必要的元标签、正确的标题和描述等，以优化搜索引擎排名。\n\n### 7. 用户体验优化\n关注用户体验，确保模板对不同设备和浏览器的适应性，同时考虑加载速度、响应式设计等因素。\n\n### 8. 文档和注释\n在代码中添加注释和文档，以便其他开发者理解和维护您的模板。\n\n### 9. 上传和分发\n完成开发后，您可以上传您的模板到FastCMS的市场或者通过FTP服务器将其放置到正确的位置。确保您的模板已通过FastCMS的验证流程。\n\n### 10. 收集反馈和迭代\n发布模板后，收集用户反馈，根据需要进行调整和优化。\n\n如果您需要更具体的指导或遇到具体问题，可以详细说明，我会根据实际需求提供更详细的建议和代码示例。','assistant',1,'2024-09-22 04:08:04',1,'2024-09-22 04:08:04'),(93,16,1,'你是谁？','user',1,'2024-09-26 09:33:56',1,'2024-09-26 09:33:56'),(94,16,1,'我是你的助手，专门帮助解答和技术指导，包括fastCMS的插件开发、模板制作以及系统配置等方面的问题。如果你在开发过程中遇到任何困难，需要代码实例、解决特定技术难题或是了解best practices，随时可以告诉我，我会竭诚为你提供帮助。无论是从最初的项目规划到具体的编码实现，还是后期的测试、部署及维护，我都愿意陪伴你完成整个开发流程。请随时向我提出你的问题或需求！','assistant',1,'2024-09-26 09:34:07',1,'2024-09-26 09:34:07'),(95,31,1,'你是谁？','user',1,'2024-10-01 04:05:41',1,'2024-10-01 04:05:41'),(96,31,1,'我是一个基于FastCMS开源项目的开发高手，专门从事FastCMS模板和插件的开发，并且对FastCMS系统的各种配置了如指掌。如果你有关于FastCMS的任何问题，比如如何定制模板、开发插件、系统配置优化等，我都能够为你提供帮助。无论是技术咨询还是实际开发中遇到的问题，尽管告诉我，让我们一起解决它。','assistant',1,'2024-10-01 04:05:48',1,'2024-10-01 04:05:48'),(97,32,1,'请帮我找出王军的简历','user',1,'2024-10-01 04:09:18',1,'2024-10-01 04:09:18'),(98,32,1,'为了帮助您找到王军的简历，我需要一些额外的信息。如果您是在特定的系统或数据库中寻找，那么了解该系统的查询方式或者数据库的访问权限会很有帮助。比如，如果简历存储在FastCMS的用户数据库中，作为FastCMS开发高手，我可以指导您如何编写SQL查询语句来搜索相关数据，或者如果是通过前端界面搜索，我可以告诉您如何利用FastCMS的搜索功能来定位简历。\n\n但直接在这里执行搜索操作是不可能的，因为我无法直接访问外部数据库或系统。您可以按照以下步骤尝试自行查找：\n\n1. **登录FastCMS后台**：首先，您需要登录到FastCMS的网站后台管理系统。\n   \n2. **使用搜索功能**：大多数CMS系统都内置了内容搜索功能。在后台管理界面，找到“用户”、“简历”或者“文章”等相关的管理模块，看是否有搜索框。输入“王军”作为关键词进行搜索。\n\n3. **查看结果**：搜索后，系统应该会列出所有与“王军”相关的记录。在这些记录中，您可能能找到王军的简历信息。\n\n4. **数据库查询**：如果后台没有合适的搜索功能，或者需要更精确的搜索，您可能需要直接查询数据库。这通常需要使用SQL语句，例如：\n   ```sql\n   SELECT * FROM users WHERE username LIKE \'%王军%\' OR realname LIKE \'%王军%\';\n   ```\n   这条SQL语句会查找用户名或真实姓名中包含“王军”的所有用户记录。请根据实际的数据库表结构和字段名调整这条语句。\n\n如果您需要具体的代码示例或者进一步的指导，请提供更多的背景信息，比如FastCMS的版本、数据库类型（如MySQL、SQLite等）以及您所具有的访问权限。这样，我可以给出更具体的建议或代码片段来帮助您完成这项任务。','assistant',1,'2024-10-01 04:09:46',1,'2024-10-01 04:09:46'),(99,32,1,'你帮我写一首诗，有军字的诗','user',1,'2024-10-01 04:10:25',1,'2024-10-01 04:10:25'),(100,32,1,'疆场秋点兵，战马啸风尘。\n军旗映残阳，英勇显忠诚。\n山河遥相望，烽火戏诸侯。\n一曲高歌唱，壮志凌云霄。\n\n铁甲寒光冷，霜雪覆征衣。\n万鼓雷动震，雄师展神威。\n策马扬鞭处，烟消黄沙起。\n凯歌归途晚，青史留英名。\n\n星沉月影斜，遥想古战场。\n智勇冠三军，谋略定乾坤。\n烽燧连天接，战骨遍野横。\n和平今可贵，勿忘昔日军。','assistant',1,'2024-10-01 04:10:35',1,'2024-10-01 04:10:35'),(101,32,1,'你帮我写一首诗，有军字的诗','user',1,'2024-10-01 04:16:07',1,'2024-10-01 04:16:07'),(102,32,1,'烽火照夜营，战骨铮铮声。\n军魂凝碧血，青史书丹心。\n云涌风雷动，山河铁骑行。\n一腔豪情在，不负少年军。','assistant',1,'2024-10-01 04:16:11',1,'2024-10-01 04:16:11');
/*!40000 ALTER TABLE `app_message` ENABLE KEYS */;
UNLOCK TABLES;

--
-- Table structure for table `app_model`
--

DROP TABLE IF EXISTS `app_model`;
/*!40101 SET @saved_cs_client     = @@character_set_client */;
/*!50503 SET character_set_client = utf8mb4 */;
CREATE TABLE `app_model` (
  `app_model_id` bigint unsigned NOT NULL AUTO_INCREMENT,
  `app_id` bigint NOT NULL,
  `model_id` bigint NOT NULL COMMENT '模型id',
  `model_config` text CHARACTER SET utf8mb4 COLLATE utf8mb4_general_ci COMMENT 'app模型参数配置',
  `create_at` timestamp NULL DEFAULT CURRENT_TIMESTAMP,
  `create_by` bigint DEFAULT NULL,
  `update_at` timestamp NULL DEFAULT CURRENT_TIMESTAMP,
  `update_by` bigint DEFAULT NULL,
  PRIMARY KEY (`app_model_id`)
) ENGINE=InnoDB AUTO_INCREMENT=2 DEFAULT CHARSET=utf8mb4 COLLATE=utf8mb4_general_ci;
/*!40101 SET character_set_client = @saved_cs_client */;

--
-- Dumping data for table `app_model`
--

LOCK TABLES `app_model` WRITE;
/*!40000 ALTER TABLE `app_model` DISABLE KEYS */;
INSERT INTO `app_model` VALUES (1,1,11,'{\"frequencyPenalty\":0.26,\"maxTokens\":2907,\"presencePenalty\":0.33,\"temperature\":0.1,\"topP\":0.74}','2024-08-26 13:47:47',1,'2024-08-26 13:47:47',1);
/*!40000 ALTER TABLE `app_model` ENABLE KEYS */;
UNLOCK TABLES;

--
-- Table structure for table `attachment`
--

DROP TABLE IF EXISTS `attachment`;
/*!40101 SET @saved_cs_client     = @@character_set_client */;
/*!50503 SET character_set_client = utf8mb4 */;
CREATE TABLE `attachment` (
  `attachment_id` bigint unsigned NOT NULL AUTO_INCREMENT,
  `file_name` varchar(100) CHARACTER SET utf8mb4 COLLATE utf8mb4_general_ci NOT NULL,
  `org_id` bigint NOT NULL,
  `path` varchar(255) CHARACTER SET utf8mb4 COLLATE utf8mb4_general_ci NOT NULL,
  `size` bigint NOT NULL,
  `type` varchar(100) CHARACTER SET utf8mb4 COLLATE utf8mb4_general_ci NOT NULL,
  `create_by` bigint NOT NULL,
  `create_at` timestamp NULL DEFAULT CURRENT_TIMESTAMP,
  `update_by` bigint NOT NULL,
  `update_at` timestamp NULL DEFAULT CURRENT_TIMESTAMP,
  PRIMARY KEY (`attachment_id`)
) ENGINE=InnoDB AUTO_INCREMENT=9 DEFAULT CHARSET=utf8mb4 COLLATE=utf8mb4_general_ci;
/*!40101 SET character_set_client = @saved_cs_client */;

--
-- Dumping data for table `attachment`
--

LOCK TABLES `attachment` WRITE;
/*!40000 ALTER TABLE `attachment` DISABLE KEYS */;
INSERT INTO `attachment` VALUES (8,'01.构建源码.md',1,'01.构建源码.md',3788,'md',1,'2024-09-30 00:59:41',1,'2024-09-30 00:59:41');
/*!40000 ALTER TABLE `attachment` ENABLE KEYS */;
UNLOCK TABLES;

--
-- Table structure for table `dataset`
--

DROP TABLE IF EXISTS `dataset`;
/*!40101 SET @saved_cs_client     = @@character_set_client */;
/*!50503 SET character_set_client = utf8mb4 */;
CREATE TABLE `dataset` (
  `dataset_id` bigint unsigned NOT NULL AUTO_INCREMENT,
  `org_id` bigint NOT NULL,
  `name` varchar(100) CHARACTER SET utf8mb4 COLLATE utf8mb4_general_ci NOT NULL,
  `description` varchar(100) CHARACTER SET utf8mb4 COLLATE utf8mb4_general_ci DEFAULT NULL,
  `embed_model_id` varchar(64) CHARACTER SET utf8mb4 COLLATE utf8mb4_general_ci NOT NULL,
  `vs_index_node_id` varchar(100) CHARACTER SET utf8mb4 COLLATE utf8mb4_general_ci NOT NULL COMMENT '向量数据库className',
  `avatar` varchar(255) CHARACTER SET utf8mb4 COLLATE utf8mb4_general_ci DEFAULT NULL,
  `language` varchar(32) CHARACTER SET utf8mb4 COLLATE utf8mb4_general_ci DEFAULT NULL,
  `parser_id` varchar(32) CHARACTER SET utf8mb4 COLLATE utf8mb4_general_ci DEFAULT NULL,
  `parser_config` text CHARACTER SET utf8mb4 COLLATE utf8mb4_general_ci,
  `status` int NOT NULL DEFAULT '1',
  `create_at` timestamp NULL DEFAULT CURRENT_TIMESTAMP,
  `create_by` bigint NOT NULL,
  `update_at` timestamp NULL DEFAULT CURRENT_TIMESTAMP,
  `update_by` bigint NOT NULL,
  PRIMARY KEY (`dataset_id`)
) ENGINE=InnoDB AUTO_INCREMENT=2 DEFAULT CHARSET=utf8mb4 COLLATE=utf8mb4_general_ci;
/*!40101 SET character_set_client = @saved_cs_client */;

--
-- Dumping data for table `dataset`
--

LOCK TABLES `dataset` WRITE;
/*!40000 ALTER TABLE `dataset` DISABLE KEYS */;
INSERT INTO `dataset` VALUES (1,1,'fastcms','fastcms数据集','tongyi@text-embedding-v2@embedding','Class78e1fcb83c854cf99230b0d76de96012','','Chinese','naive','{\"raptor\":{},\"chunk_token_num\":128,\"delimiter\":\"\\\\n!?;。；！？\",\"layout_recognize\":true}',1,'2024-08-25 09:42:48',1,'2024-08-25 09:42:48',1);
/*!40000 ALTER TABLE `dataset` ENABLE KEYS */;
UNLOCK TABLES;

--
-- Table structure for table `document`
--

DROP TABLE IF EXISTS `document`;
/*!40101 SET @saved_cs_client     = @@character_set_client */;
/*!50503 SET character_set_client = utf8mb4 */;
CREATE TABLE `document` (
  `document_id` bigint unsigned NOT NULL AUTO_INCREMENT,
  `org_id` bigint NOT NULL,
  `dataset_id` bigint NOT NULL,
  `file_id` bigint NOT NULL COMMENT '关联文件',
  `name` varchar(100) CHARACTER SET utf8mb4 COLLATE utf8mb4_general_ci NOT NULL,
  `data_source` int NOT NULL COMMENT '1、本地上传，2、网络爬虫',
  `word_count` int DEFAULT NULL,
  `token_count` int DEFAULT NULL,
  `data_url` varchar(255) CHARACTER SET utf8mb4 COLLATE utf8mb4_general_ci DEFAULT NULL COMMENT '网页url地址',
  `process_type` varchar(32) COLLATE utf8mb4_general_ci NOT NULL DEFAULT '1' COMMENT '文档处理方式',
  `process_status` int NOT NULL DEFAULT '0' COMMENT '文档处理状态0，1，2，3',
  `status` int NOT NULL DEFAULT '1',
  `create_at` timestamp NULL DEFAULT CURRENT_TIMESTAMP,
  `create_by` bigint NOT NULL,
  `update_at` timestamp NULL DEFAULT CURRENT_TIMESTAMP,
  `update_by` bigint DEFAULT NULL,
  PRIMARY KEY (`document_id`)
) ENGINE=InnoDB AUTO_INCREMENT=31 DEFAULT CHARSET=utf8mb4 COLLATE=utf8mb4_general_ci;
/*!40101 SET character_set_client = @saved_cs_client */;

--
-- Dumping data for table `document`
--

LOCK TABLES `document` WRITE;
/*!40000 ALTER TABLE `document` DISABLE KEYS */;
INSERT INTO `document` VALUES (30,1,1,8,'01.构建源码.md',1,NULL,NULL,NULL,'naive',2,1,'2024-09-30 00:59:41',1,'2024-09-30 00:59:41',1);
/*!40000 ALTER TABLE `document` ENABLE KEYS */;
UNLOCK TABLES;

--
-- Table structure for table `document_segment`
--

DROP TABLE IF EXISTS `document_segment`;
/*!40101 SET @saved_cs_client     = @@character_set_client */;
/*!50503 SET character_set_client = utf8mb4 */;
CREATE TABLE `document_segment` (
  `segment_id` bigint unsigned NOT NULL AUTO_INCREMENT,
  `document_id` bigint NOT NULL,
  `org_id` bigint NOT NULL,
  `dataset_id` bigint NOT NULL,
  `position` int DEFAULT NULL,
  `content` text CHARACTER SET utf8mb4 COLLATE utf8mb4_general_ci NOT NULL COMMENT '分片后的文档内容',
  `content_id` varchar(100) CHARACTER SET utf8mb4 COLLATE utf8mb4_general_ci DEFAULT NULL COMMENT '分片后的文档id',
  `word_count` int DEFAULT NULL,
  `token_count` int DEFAULT NULL,
  `keywords` text CHARACTER SET utf8mb4 COLLATE utf8mb4_general_ci,
  `status` int DEFAULT NULL,
  `hit_count` int DEFAULT NULL,
  `create_at` timestamp NULL DEFAULT CURRENT_TIMESTAMP,
  `create_by` bigint NOT NULL,
  `update_at` timestamp NULL DEFAULT CURRENT_TIMESTAMP,
  `update_by` bigint DEFAULT NULL,
  PRIMARY KEY (`segment_id`)
) ENGINE=InnoDB AUTO_INCREMENT=63 DEFAULT CHARSET=utf8mb4 COLLATE=utf8mb4_general_ci;
/*!40101 SET character_set_client = @saved_cs_client */;

--
-- Dumping data for table `document_segment`
--

LOCK TABLES `document_segment` WRITE;
/*!40000 ALTER TABLE `document_segment` DISABLE KEYS */;
INSERT INTO `document_segment` VALUES (57,30,1,1,NULL,'---\ntitle: 构建源码\ndate: 2021-12-14 19:15:07\npermalink: /pages/56bac0/\narticle: false\n---\n\n本文帮助您快速了解Fastcms源码结构，并本地运行Fastcms项目。<br>\n在开始之前，您必须熟悉Java，Spring，SpringBoot，以及Mybatis-plus，熟练使用Mysql数据库，以及Maven；<br>\n您还需要了解Vue，typescript，elementui等前端知识。\n\n## 环境准备\nFastcms 后端依赖 Java 环境来运行。如果您是从代码开始构建并运行Fastcms，还需要为此配置 Maven环境，请确保是在以下版本环境中安装使用:\n\n64 bit OS，支持 Linux/Unix/Mac/Windows，推荐选用 Linux/Unix/Mac。\n64 bit JDK 1.8+；[下载](https://www.oracle.com/java/technologies/downloads/#java8) & [配置](https://docs.oracle.com/cd/E19182-01/820-7851/inst_cli_jdk_javahome_t)。\n\nMaven 3.6.x+；[下载](https://maven.apache.org/download.cgi) & [配置](https://maven.apache.org/settings.html)。<br>\n\n前端需要安装node [下载](https://nodejs.org/zh-cn/download/)，推荐版本v14.15.0及以上版本，\n安装Vue，以及typescript环境\n\n## 获取源码\n\n```java\ngit clone https://gitee.com/xjd2020/fastcms.git\n```\n\n## 构建后端源码','e4188fe9-a2d0-4a17-9d15-18f5054eb99f',NULL,NULL,NULL,NULL,NULL,'2024-09-30 01:02:30',1,'2024-09-30 01:02:30',1),(58,30,1,1,NULL,'推荐使用idea，等待maven编译通过，如下图\n\n<p class=\"fastcms_image\">\n    <img src=\"/img/fastcms_code.png\"/>\n</p>\n\n### 源码目录结构说明\n\n|  目录           |  说明 \n| --------------- | --------------------------------------------------------------------|\n| cms             |  文章，模板，cms相关功能代码                                          |\n| codegen         |  CRUD代码生成器                                                      |\n| common          |  通用工具包                                                          |\n| core            |  核心实现，插件，模板，安全，权限等功能代码实现                         |\n| doc             |  简要文档，sql文件存放目录                                            |\n| plugins         |  helloworld插件实现代码                                               |\n| service         |  通用service代码实现                                                  |\n| starters        |  第三方依赖集成目录，pf4j插件包，egzosn支付插件包，以及微信开发相关集成  |\n| ui              |  Vue，typescript，elementui前端工程代码                               |\n| web             |  Fastcms web控制台代码实现                                            |\n\n### 导入数据库脚本\n\n推荐使用Mysql5.7+，数据库脚本在项目doc/sql/fastcms.sql<br>\n\n### 配置数据库链接\n在web工程下面，打开resources下的application.yml文件，配置你本地数据库链接\n```yaml\n  datasource:\n    driver-class-name: com.mysql.cj.jdbc.Driver\n    url: jdbc:mysql://localhost:3306/fastcms?autoReconnect=true&useSSL=false&useUnicode=true&characterEncoding=utf-8&serverTimezone=Asia/Shanghai\n    username: root','f02798e5-2185-41b5-9ed5-4a9d50967162',NULL,NULL,NULL,NULL,NULL,'2024-09-30 01:02:32',1,'2024-09-30 01:02:32',1),(59,30,1,1,NULL,'password: root\n```\n\n### 运行项目后端\n\n打开web工程下，com.fastcms.web.Fastcms类，右键Run \'Fastcms\';\n\n```java\n@SpringBootApplication\n@ComponentScan(\"com.fastcms\")\n@EnableScheduling\npublic class Fastcms {\n\n    public static void main(String[] args) {\n        SpringApplication.run(Fastcms.class, args);\n    }\n\n}\n```\n\n看到如下界面，说明后端服务启动成功\n\n<p class=\"fastcms_image\">\n    <img src=\"/img/fastcms_start.png\"/>\n</p>\n\n## 构建前端源码\n推荐开发工具使用vscode，导入项目ui目录下的前端工程到vscode，如下图\n\n<p class=\"fastcms_image\">\n    <img src=\"/img/fastcms-ui.png\"/>\n</p>\n\n### 安装依赖\n```java\nnpm install\n```\n\n### 运行前端工程\n```java\nnpm run dev\n```\n\n### 访问系统\n\n系统默认账号密码 admin/1\n\n```java\nhttp://localhost:8082\n```','0d34b82b-dcec-4ee0-89e1-885fb35da375',NULL,NULL,NULL,NULL,NULL,'2024-09-30 01:02:35',1,'2024-09-30 01:02:35',1),(60,30,1,1,NULL,'---\ntitle: 构建源码\ndate: 2021-12-14 19:15:07\npermalink: /pages/56bac0/\narticle: false\n---\n\n本文帮助您快速了解Fastcms源码结构，并本地运行Fastcms项目。<br>\n在开始之前，您必须熟悉Java，Spring，SpringBoot，以及Mybatis-plus，熟练使用Mysql数据库，以及Maven；<br>\n您还需要了解Vue，typescript，elementui等前端知识。\n\n## 环境准备\nFastcms 后端依赖 Java 环境来运行。如果您是从代码开始构建并运行Fastcms，还需要为此配置 Maven环境，请确保是在以下版本环境中安装使用:\n\n64 bit OS，支持 Linux/Unix/Mac/Windows，推荐选用 Linux/Unix/Mac。\n64 bit JDK 1.8+；[下载](https://www.oracle.com/java/technologies/downloads/#java8) & [配置](https://docs.oracle.com/cd/E19182-01/820-7851/inst_cli_jdk_javahome_t)。\n\nMaven 3.6.x+；[下载](https://maven.apache.org/download.cgi) & [配置](https://maven.apache.org/settings.html)。<br>\n\n前端需要安装node [下载](https://nodejs.org/zh-cn/download/)，推荐版本v14.15.0及以上版本，\n安装Vue，以及typescript环境\n\n## 获取源码\n\n```java\ngit clone https://gitee.com/xjd2020/fastcms.git\n```\n\n## 构建后端源码','741ce29b-d545-4ca9-bf04-0dc818d0a8c8',NULL,NULL,NULL,NULL,NULL,'2024-10-04 15:48:48',1,'2024-10-04 15:48:48',1),(61,30,1,1,NULL,'推荐使用idea，等待maven编译通过，如下图\n\n<p class=\"fastcms_image\">\n    <img src=\"/img/fastcms_code.png\"/>\n</p>\n\n### 源码目录结构说明\n\n|  目录           |  说明 \n| --------------- | --------------------------------------------------------------------|\n| cms             |  文章，模板，cms相关功能代码                                          |\n| codegen         |  CRUD代码生成器                                                      |\n| common          |  通用工具包                                                          |\n| core            |  核心实现，插件，模板，安全，权限等功能代码实现                         |\n| doc             |  简要文档，sql文件存放目录                                            |\n| plugins         |  helloworld插件实现代码                                               |\n| service         |  通用service代码实现                                                  |\n| starters        |  第三方依赖集成目录，pf4j插件包，egzosn支付插件包，以及微信开发相关集成  |\n| ui              |  Vue，typescript，elementui前端工程代码                               |\n| web             |  Fastcms web控制台代码实现                                            |\n\n### 导入数据库脚本\n\n推荐使用Mysql5.7+，数据库脚本在项目doc/sql/fastcms.sql<br>\n\n### 配置数据库链接\n在web工程下面，打开resources下的application.yml文件，配置你本地数据库链接\n```yaml\n  datasource:\n    driver-class-name: com.mysql.cj.jdbc.Driver\n    url: jdbc:mysql://localhost:3306/fastcms?autoReconnect=true&useSSL=false&useUnicode=true&characterEncoding=utf-8&serverTimezone=Asia/Shanghai\n    username: root','120e1246-6205-406c-a0a1-ee69f77c2770',NULL,NULL,NULL,NULL,NULL,'2024-10-04 15:48:48',1,'2024-10-04 15:48:48',1),(62,30,1,1,NULL,'password: root\n```\n\n### 运行项目后端\n\n打开web工程下，com.fastcms.web.Fastcms类，右键Run \'Fastcms\';\n\n```java\n@SpringBootApplication\n@ComponentScan(\"com.fastcms\")\n@EnableScheduling\npublic class Fastcms {\n\n    public static void main(String[] args) {\n        SpringApplication.run(Fastcms.class, args);\n    }\n\n}\n```\n\n看到如下界面，说明后端服务启动成功\n\n<p class=\"fastcms_image\">\n    <img src=\"/img/fastcms_start.png\"/>\n</p>\n\n## 构建前端源码\n推荐开发工具使用vscode，导入项目ui目录下的前端工程到vscode，如下图\n\n<p class=\"fastcms_image\">\n    <img src=\"/img/fastcms-ui.png\"/>\n</p>\n\n### 安装依赖\n```java\nnpm install\n```\n\n### 运行前端工程\n```java\nnpm run dev\n```\n\n### 访问系统\n\n系统默认账号密码 admin/1\n\n```java\nhttp://localhost:8082\n```','0d78172d-e75e-4dc6-8c20-5e9b6e5a925f',NULL,NULL,NULL,NULL,NULL,'2024-10-04 15:48:48',1,'2024-10-04 15:48:48',1);
/*!40000 ALTER TABLE `document_segment` ENABLE KEYS */;
UNLOCK TABLES;

--
-- Table structure for table `organization`
--

DROP TABLE IF EXISTS `organization`;
/*!40101 SET @saved_cs_client     = @@character_set_client */;
/*!50503 SET character_set_client = utf8mb4 */;
CREATE TABLE `organization` (
  `org_id` bigint unsigned NOT NULL AUTO_INCREMENT,
  `name` varchar(100) CHARACTER SET utf8mb4 COLLATE utf8mb4_general_ci NOT NULL,
  `status` int DEFAULT '1' COMMENT '1正常、0禁用',
  `create_at` timestamp NOT NULL DEFAULT CURRENT_TIMESTAMP,
  `update_at` timestamp NOT NULL DEFAULT CURRENT_TIMESTAMP,
  `create_by` bigint NOT NULL DEFAULT '0',
  `update_by` bigint NOT NULL DEFAULT '0',
  PRIMARY KEY (`org_id`)
) ENGINE=InnoDB AUTO_INCREMENT=3 DEFAULT CHARSET=utf8mb4 COLLATE=utf8mb4_general_ci COMMENT='组织机构表';
/*!40101 SET character_set_client = @saved_cs_client */;

--
-- Dumping data for table `organization`
--

LOCK TABLES `organization` WRITE;
/*!40000 ALTER TABLE `organization` DISABLE KEYS */;
INSERT INTO `organization` VALUES (1,'我的组织',1,'2024-08-06 02:36:24','2024-08-06 02:36:24',0,0),(2,'我的团队',1,'2024-08-11 13:33:22','2024-08-11 13:33:22',0,0);
/*!40000 ALTER TABLE `organization` ENABLE KEYS */;
UNLOCK TABLES;

--
-- Table structure for table `provider`
--

DROP TABLE IF EXISTS `provider`;
/*!40101 SET @saved_cs_client     = @@character_set_client */;
/*!50503 SET character_set_client = utf8mb4 */;
CREATE TABLE `provider` (
  `provider_id` bigint unsigned NOT NULL AUTO_INCREMENT,
  `org_id` bigint NOT NULL COMMENT '组织机构id',
  `label` varchar(100) CHARACTER SET utf8mb4 COLLATE utf8mb4_general_ci NOT NULL,
  `provider_name` varchar(100) CHARACTER SET utf8mb4 COLLATE utf8mb4_general_ci DEFAULT NULL,
  `api_key` varchar(100) CHARACTER SET utf8mb4 COLLATE utf8mb4_general_ci DEFAULT NULL,
  `api_url` varchar(100) CHARACTER SET utf8mb4 COLLATE utf8mb4_general_ci DEFAULT NULL,
  `create_at` timestamp NULL DEFAULT CURRENT_TIMESTAMP,
  `update_at` timestamp NULL DEFAULT CURRENT_TIMESTAMP,
  `create_by` bigint NOT NULL,
  `update_by` bigint NOT NULL,
  PRIMARY KEY (`provider_id`),
  KEY `provider_org_id_IDX` (`org_id`) USING BTREE
) ENGINE=InnoDB AUTO_INCREMENT=4 DEFAULT CHARSET=utf8mb4 COLLATE=utf8mb4_general_ci COMMENT='大语言模型提供者';
/*!40101 SET character_set_client = @saved_cs_client */;

--
-- Dumping data for table `provider`
--

LOCK TABLES `provider` WRITE;
/*!40000 ALTER TABLE `provider` DISABLE KEYS */;
INSERT INTO `provider` VALUES (1,1,'Tongyi-Qianwen','tongyi','sk-6ddaa19b67a345528f40ecc5e6c2373b',NULL,'2024-08-06 02:40:00','2024-08-06 02:40:00',0,0);
/*!40000 ALTER TABLE `provider` ENABLE KEYS */;
UNLOCK TABLES;

--
-- Table structure for table `provider_model`
--

DROP TABLE IF EXISTS `provider_model`;
/*!40101 SET @saved_cs_client     = @@character_set_client */;
/*!50503 SET character_set_client = utf8mb4 */;
CREATE TABLE `provider_model` (
  `model_id` bigint unsigned NOT NULL AUTO_INCREMENT,
  `org_id` bigint NOT NULL COMMENT '组织',
  `provider_name` varchar(100) CHARACTER SET utf8mb4 COLLATE utf8mb4_general_ci NOT NULL COMMENT '模型提供商',
  `model_name` varchar(100) CHARACTER SET utf8mb4 COLLATE utf8mb4_general_ci NOT NULL COMMENT '大模型名称',
  `model_type` varchar(100) CHARACTER SET utf8mb4 COLLATE utf8mb4_general_ci NOT NULL COMMENT '模型类型对应spring的ModelFactory的bean name',
  `create_at` timestamp NOT NULL DEFAULT CURRENT_TIMESTAMP,
  `update_at` timestamp NOT NULL DEFAULT CURRENT_TIMESTAMP,
  `create_by` bigint NOT NULL,
  `update_by` bigint NOT NULL,
  PRIMARY KEY (`model_id`),
  UNIQUE KEY `provider_model_un` (`provider_name`,`model_name`)
) ENGINE=InnoDB AUTO_INCREMENT=12 DEFAULT CHARSET=utf8mb4 COLLATE=utf8mb4_general_ci COMMENT='模型表';
/*!40101 SET character_set_client = @saved_cs_client */;

--
-- Dumping data for table `provider_model`
--

LOCK TABLES `provider_model` WRITE;
/*!40000 ALTER TABLE `provider_model` DISABLE KEYS */;
INSERT INTO `provider_model` VALUES (1,1,'tongyi','text-embedding-v2','embedding','2024-08-06 02:46:18','2024-08-06 02:46:18',0,0),(2,1,'tongyi','qwen-turbo','chat','2024-08-06 02:47:16','2024-08-06 02:47:16',0,0),(3,1,'tongyi','tts-1','tts','2024-08-06 02:50:19','2024-08-06 02:50:19',0,0),(4,1,'zhipu','glm-4v','llm','2024-08-06 15:06:39','2024-08-06 15:06:39',0,0),(5,1,'zhipu','embedding-2','embedding','2024-08-07 07:17:15','2024-08-07 07:17:15',0,0),(6,1,'tongyi','wanx-v1','image','2024-08-08 06:24:07','2024-08-08 06:24:07',0,0),(7,1,'zhipu','cogview-3','image','2024-08-08 06:35:23','2024-08-08 06:35:23',0,0),(8,1,'ollama','llama3.1','chat','2024-08-08 07:09:45','2024-08-08 07:09:45',0,0),(10,1,'tongyi','qwen-long','chat','2024-09-25 09:42:28','2024-09-25 09:42:28',1,1),(11,1,'tongyi','qwen-max','chat','2024-09-25 09:53:28','2024-09-25 09:53:28',1,1);
/*!40000 ALTER TABLE `provider_model` ENABLE KEYS */;
UNLOCK TABLES;

--
-- Dumping routines for database 'nexfly'
--
/*!40103 SET TIME_ZONE=@OLD_TIME_ZONE */;

/*!40101 SET SQL_MODE=@OLD_SQL_MODE */;
/*!40014 SET FOREIGN_KEY_CHECKS=@OLD_FOREIGN_KEY_CHECKS */;
/*!40014 SET UNIQUE_CHECKS=@OLD_UNIQUE_CHECKS */;
/*!40101 SET CHARACTER_SET_CLIENT=@OLD_CHARACTER_SET_CLIENT */;
/*!40101 SET CHARACTER_SET_RESULTS=@OLD_CHARACTER_SET_RESULTS */;
/*!40101 SET COLLATION_CONNECTION=@OLD_COLLATION_CONNECTION */;
/*!40111 SET SQL_NOTES=@OLD_SQL_NOTES */;

-- Dump completed on 2024-10-05 10:59:45
